YYYY,Storm,Retire?,Fame?,Date,Wikipedia,WLev,Cat,Pres,Dead,$bn,minStmTide,maxStmTide,Datum,Guidance,FirstWarn,FirstWarn_URL,TCR or Ref.,Area,Notes,ServAssessment,FEV,Obs1,Obs2,SS Warning,SS Warning URL
2026,Bertha,N,,Jul 19-24,https://en.wikipedia.org/wiki/2026_Atlantic_hurricane_season,,TS,995,0,0,1,3,,PS 5-8,,,,"FL, AL, LA",,,,,,,
2025,,,,,,,,,,,,0,,,,,,,,,,,,,
2025,Oct-ET-2,no,,Oct 29-31,,1,ET,,,,,2.5,mhhw,,,,,,,,,2.5 feet mhhw at Sewells Point VA,,,
2025,Melissa,,,Oct 21 - Nov 6,https://en.wikipedia.org/wiki/Hurricane_Melissa,0,Cat5,892,,,,,,,,,,"JAM, CUB",,,https://storms.ngs.noaa.gov/storms/melissa/index.html#17.97/18.030803/-77.910556,,,,
2025,Oct-ET-1,no,,Oct 12-14,,2,ET,,,,,3.4,mhhw,P-ETSS (10/10 to 10/12),,,,"NC, VA, MD, DE, NJ, NY",,,,https://docs.google.com/document/d/16EzDu2FSs2wiXGsvZjUVKdykAR9MF-WtCPzNUv7BGbs/edit?tab=t.0,,,
2025,Imelda,no,,Sep 27 - Oct 1,https://en.wikipedia.org/wiki/Tropical_Storm_Imelda_(2025),1,TS,996,1,TBD,,2,mhhw,PS 4-7,,,,NC,,,,2 feet mhhw at CBBT (10/1/2025) - assocaited matrix winds pushing south-east along Atlantic seaboard,,,
2025,Erin,no,,Aug 11-22,https://en.wikipedia.org/wiki/Hurricane_Erin_(2025),2,Cat5,915,10,$0.001,3.3,3.3,mhhw,PS 29-42,WarnA33,https://www.nhc.noaa.gov/archive/2025/al05/al052025.public.033.shtml,,"NC, VA, MD, DE, NJ, NY",,,,,,,
2025,Chantal,no,,Jul 4-7,https://en.wikipedia.org/wiki/Tropical_Storm_Chantal_(2025),1,TS,1002,0,$TBD,1,3,agl,PETSS (7/4 18Z),,,,"SC, NC",,,,,,,
2024,,,,,,0,,,,,,,,,,,,,,,,,,,
2024,Milton,Yes,,Oct 5-12,https://en.wikipedia.org/wiki/Hurricane_Milton,,Cat5,895,45,$34.6+,7,10,,"PS 5-8,10-22",,,https://www.nhc.noaa.gov/data/tcr/AL142024_Milton.pdf,"{S of Tampa FL}, GA",,,https://stn.wim.usgs.gov/FEV/#2024Milton,,,,
2024,Helene,yes,,Sep 23-29,https://en.wikipedia.org/wiki/Tropical_Storm_Helene_(2024),5,Cat4,939,251,$78.7+,12,16,agl,PS 1-8,WarnA6,https://www.nhc.noaa.gov/archive/2024/al09/al092024.public.006.shtml?,https://www.nhc.noaa.gov/data/tcr/AL092024_Helene.pdf,"{NW FL}, NC, SC, GA, FL, TN, VA, IN, KY, WV, IL, OK, AL",,,https://stn.wim.usgs.gov/FEV/#2024Helene,,,,
2024,Potential_TC_8,no,,Sep 17,https://tidesandcurrents.noaa.gov/inundationdb/inundation.html?id=8658120#top10event,1,PT,,,,,2.42,mhhw,,,,,NC,,,,2.42 feet mhhw at wilmington NC (9/17/2024),,,
2024,Francine,no,,Sep 12,https://en.wikipedia.org/wiki/Hurricane_Francine,3,Cat2,972,0,$1.300,5,8,agl,PS 1-16,WarnA5,https://www.nhc.noaa.gov/archive/2024/al06/al062024.public.005.shtml?,https://www.nhc.noaa.gov/data/tcr/AL062024_Francine.pdf,"LA, MS",,,,"5 feet MHHW Waveland, MS (8747437; Sep 12 0600 UTC)","3.5 feet MHHW New Canal Station, LA (8761927; Sep 12 0600 UTC)",,
2024,Debby,No,,Aug 5-6,https://en.wikipedia.org/wiki/Hurricane_Debby_(2024),,Cat1,979,10,$1+,4,6,,PS 6-20,,,https://www.nhc.noaa.gov/data/tcr/AL042024_Debby.pdf,"{NW FL}, GA, SC, NC",,,https://stn.wim.usgs.gov/FEV/#2024Debby,,,,
2024,Beryl,yes,,Jul 8,https://en.wikipedia.org/wiki/Hurricane_Beryl,3,Cat5,934,70,$6.86+,5,7,agl,PS 29-41,WarnA33,https://www.nhc.noaa.gov/archive/2024/al02/al022024.public.033.shtml?,https://www.nhc.noaa.gov/data/tcr/AL022024_Beryl.pdf,"TX, LA",,,https://stn.wim.usgs.gov/FEV/#2024Beryl,8 feet MHHW Manchester TX (8770777; Jul 8 1500 UTC),,,
2024,Alberto,no,,Jun 19-20,https://en.wikipedia.org/wiki/Tropical_Storm_Alberto_(2024),2,TS,993,5,$0.179,4,4,mhhw,,-,,https://www.nhc.noaa.gov/data/tcr/AL012024_Alberto.pdf,"TX, LA",,,,"3 feet MHHW Galveston Pier, TX {8771450; Jun 19 1200 UTC)",,,
2024,Jan-ET,no,,Jan 10-14,,2,ET,,,,4.2,4.2,mhhw,P-ETSS,,,,{Seavy Is ME},,,,,,,
2023,,,,,,0,,,,,,,,,,,,,,,,,,,
2023,Philippe,No,,Oct 6-8,https://en.wikipedia.org/wiki/Tropical_Storm_Philippe_(2023),,TS,998,0,$TBD,,0,,,,,,{Close to PR},,,,,,,
2023,Ophelia,no,,Sep 22-24,https://en.wikipedia.org/wiki/Tropical_Storm_Ophelia_(2023),2,TS,981,0,$0.450,3,5,agl,P-ETSS,WarnA4,https://www.nhc.noaa.gov/archive/2023/al16/al162023.public.004.shtml?,https://www.nhc.noaa.gov/data/tcr/AL162023_Ophelia.pdf,"NC, VA, MD, NY, DE",,,https://stn.wim.usgs.gov/FEV/#2023Ophelia,3.67 feet MSL at Sewell's Point VA - [wikipedia],,,
2023,Lee,no,,Sep 13-14,https://en.wikipedia.org/wiki/Hurricane_Lee_(2023),1,Cat5,926,3,$0.050,1,2,agl,PS 34-27,WatchA34,https://www.nhc.noaa.gov/archive/2023/al13/al132023.public.034.shtml?,https://www.nhc.noaa.gov/data/tcr/AL132023_Lee.pdf,{New England},,,https://stn.wim.usgs.gov/FEV/#2023Lee,< 1 feet storm surge in N.E. Maine (PN2). Potential for a little in Canada's Bay of Fundy,,,
2023,Idalia,no,,Aug 27-31,https://en.wikipedia.org/wiki/Hurricane_Idalia,4,Cat4,940,7,$2.500,8,12,agl,PS 5-20,WarnA15,https://www.nhc.noaa.gov/archive/2023/al10/al102023.public.015.shtml?,https://www.nhc.noaa.gov/data/tcr/AL102023_Idalia.pdf,{NW FL},No SS Fatalities! Rapid Intensification,,https://stn.wim.usgs.gov/FEV/#2023Idalia,8 to 12 feet AGL from Keaton Beach to Steinhatchee FL (NHC's TCR),"8.9 feet Cedar Key (6.8 feet high) ; Tampa Bay, Clearwater > 3 feet [wiki]",,
2022,,,,,,0,,,,,,,,,,,,,,,,,,,
2022,Nicole,no,,Nov 7-11,https://en.wikipedia.org/wiki/Hurricane_Nicole_(2022),2,Cat1,980,11,$1.000,5,5,agl,P-ETSS,WarnA12,https://www.nhc.noaa.gov/archive/2022/al17/al172022.public.012.shtml?,https://www.nhc.noaa.gov/data/tcr/AL172022_Nicole.pdf,"PR, FL",,,,5 feet AGL - Northeast coast of FL (NHC TCR),3.58 feet @ Jacksonville [wiki],,
2022,Ian,yes,yes,Sep 26-30,https://en.wikipedia.org/wiki/Hurricane_Ian,5,Cat5,937,161,$113.000,10,15,agl,PS 12-33,WarnA18,https://www.nhc.noaa.gov/archive/2022/al09/al092022.public.018.shtml?,https://www.nhc.noaa.gov/data/tcr/AL092022_Ian.pdf,"{SW FL}, SC",SS Fatalities; on NHC SSU page,https://www.weather.gov/media/publications/assessments/Hurricane_Ida_Service_Assessment.pdf,https://stn.wim.usgs.gov/FEV/#2022Ian,"10 to 15 feet AGL Fort Myers Beach, FL (NHC TCR)",,,
2022,Fiona,yes,,Sep 14-27,https://en.wikipedia.org/wiki/Hurricane_Fiona,1,Cat4,931,29,$3.400,1,3,agl,,-,,https://www.nhc.noaa.gov/data/tcr/AL072022_Fiona.pdf,PR,,,,1 to 3 feet AGL in US VI and southern PR (NHC TCR),,,
2022,May-ET,no,,May 12,https://docs.google.com/document/d/1Ubzp3m0crb_X0zanBt9xhVKMmP9s7ayB/edit,1,ET,1000,,,,2,mhhw,P-ETSS,,,,NC,,,,"2 feet mhhw on 5/12/2022 at Wrightsville Beach, NC",,,
2022,Jan-ET,no,,Jan 16,https://docs.google.com/document/d/1Ubzp3m0crb_X0zanBt9xhVKMmP9s7ayB/edit,1,ET,984,,,,1.48,mhhw,P-ETSS,,,,NC,,,,"1.48 mhhw at wrightsville Beach, NC",,,
2021,,,,,,0,,,,,,,,,,,,,,,,,,,
2021,Nov-ET,no,,Nov 6-8,https://docs.google.com/document/d/1Ubzp3m0crb_X0zanBt9xhVKMmP9s7ayB/edit#heading=h.gjdgxs,1,ET,993,238,,,3.26,mhhw,P-ETSS,,,,NC,,,,"3.26 feet mhhw on 11/6/2021 at Wrightsville Beach, NC",,,
2021,Oct-ET,no,,Oct 28-29,,0,ET,,,,,,,P-ETSS,-,,,"MD, {DE (River Forcing)}",Example of River + Surge impact on north Chesapeake Bay -- a reason to add River boundary forcing to ETSS,,https://stn.wim.usgs.gov/FEV/#2021OctoberExtratropicalCyclone,,,,
2021,Nicholas,No,,Sep 19-20,https://en.wikipedia.org/wiki/Hurricane_Nicholas,,Cat1,988,2,$1.100,3,6,,PS 2,,,https://www.nhc.noaa.gov/data/tcr/AL142021_Nicholas.pdf,{N TX},,,,,,,
2021,Ida,Yes,,Aug 27-30,https://en.wikipedia.org/wiki/Hurricane_Ida,,Cat4,929,107,$75.300,9,14,,PS 3-18,,,https://www.nhc.noaa.gov/data/tcr/AL092021_Ida.pdf,{New Orleans - LA},,,https://stn.wim.usgs.gov/FEV/#2021Ida,,,,
2021,Henri,no,,Aug 20-22,https://en.wikipedia.org/wiki/Hurricane_Henri,2,Cat1,986,2,$0.700,2,4,agl,PS 18-27,WarnA22,https://www.nhc.noaa.gov/archive/2021/al08/al082021.public.022.shtml?,https://www.nhc.noaa.gov/data/tcr/AL082021_Henri.pdf,{New England},,,https://stn.wim.usgs.gov/FEV/#2021Henri,2 to 4 feet AGL in Long Island and coast of CT (NHC TCR),,,
2021,Fred,no,,"Aug 15,16",https://en.wikipedia.org/wiki/Tropical_Storm_Fred_(2021),2,TS,991,7,$1.300,2,4,agl,PS 24-29,WarnA28,https://www.nhc.noaa.gov/archive/2021/al06/al062021.public.028.shtml?,https://www.nhc.noaa.gov/data/tcr/AL062021_Fred.pdf,{NW FL} FL,,,,2 to 4 feet AGL FL Panhandle from Port St. Joe to Apalachee Bay (NHC TCR),,,
2021,Elsa,no,,Jun 30 - Jul 10,https://en.wikipedia.org/wiki/Hurricane_Elsa,1,Cat1,991,13,$1.200,1,3,agl,P-ETSS,WarnA28,https://www.nhc.noaa.gov/archive/2021/al05/al052021.public.028.shtml?,https://www.nhc.noaa.gov/data/tcr/AL052021_Elsa.pdf,{East Coast},,,,1 to 3 feet AGL west Coast of FL (NHC TCR),,,
2021,Jan-ET,no,,Jan 8,https://docs.google.com/document/d/1Ubzp3m0crb_X0zanBt9xhVKMmP9s7ayB/edit,1,ET,992,,,,1.6,mhhw,P-ETSS,,,,NC,,,,"1.6 feet mhhw at Wrightsville Beach, NC",,,
2020,,,,,,0,,,,,,,,,,,,,,,,,,,
2020,Iota,yes,yes,Nov 13-18,https://en.wikipedia.org/wiki/Hurricane_Iota,0,Cat4,917,84,$1.400,,0,,,-,,https://www.nhc.noaa.gov/data/tcr/AL312020_Iota.pdf,"NIC, HND, COL, SLV, GTM, PAN",,,,,,,
2020,Eta,Yes,,"Nov 8,9",https://en.wikipedia.org/wiki/Hurricane_Eta,,Cat4,922,175,$8.300,3,3,,PS 31-35,,,https://www.nhc.noaa.gov/data/tcr/AL292020_Eta.pdf,{Tampa Bay - FL},,,,,,,
2020,Zeta,No,,Oct 26-29,https://en.wikipedia.org/wiki/Hurricane_Zeta,,Cat3,970,9,$4.400,6,10,,PS 9-18,,,https://www.nhc.noaa.gov/data/tcr/AL282020_Zeta.pdf,{New Orleans - LA},,,,,,,
2020,Delta,no,,Oct 7-10,https://en.wikipedia.org/wiki/Hurricane_Delta,3,Cat4,953,6,$3.000,6,9,agl,PS 12-22,WarnA12,https://www.nhc.noaa.gov/archive/2020/al26/al262020.public.012.shtml?,https://www.nhc.noaa.gov/data/tcr/AL262020_Delta.pdf,LA,,,,"6 to 9 feet AGL Vermilion, Iberia, and St. Mary Parishes in LA (NHC's TCR)",,,
2020,Beta,no,,Sep 17-25,https://en.wikipedia.org/wiki/Tropical_Storm_Beta_(2020),2,TS,993,1,$0.225,4.2,4.2,agl,P-ETSS,WarnA9,https://www.nhc.noaa.gov/archive/2020/al22/al222020.fstadv.009.shtml?,https://www.nhc.noaa.gov/data/tcr/AL222020_Beta.pdf,"TX, LA, MS",,,,"4.2 feet MHHW on south Galveston Is, 2 to 4 feet AGL along much of the coasts of TX, LA, and MS (NHC's TCR)",,,
2020,Sally,no,yes,Sep 12-16,https://en.wikipedia.org/wiki/Hurricane_Sally,3,Cat2,965,4,$7.300,5,7,agl,PS 5-21,WarnA8,https://www.nhc.noaa.gov/archive/2020/al19/al192020.public.008.shtml?,https://www.nhc.noaa.gov/data/tcr/AL192020_Sally.pdf,{New Orleans} LA,,,,"5 to 7 feet AGL Baldwin Co, AL and Escambia and Santa Rosa Co, FL (NHC's TCR)",,,
2020,Laura,yes,yes,Aug 24-27,https://en.wikipedia.org/wiki/Hurricane_Laura,6,Cat4,937,81,$23.300,12,18,agl,PS 19-30,WarnA23,https://www.nhc.noaa.gov/archive/2020/al13/al132020.public.023.shtml?,https://www.nhc.noaa.gov/data/tcr/AL132020_Laura.pdf,LA,"Multi-landfall (Laura, Marco); on NHC SSU Page",,,"12 to 18 feet AGL Creole, and Grand Chenier, LA (NHC TCR)",,,
2020,Marco,no,,Aug 22-24,https://en.wikipedia.org/wiki/Hurricane_Marco_(2020),1,Cat1,991,0,$0.035,1,2,agl,PS 10-16,WarnA13,https://www.nhc.noaa.gov/archive/2020/al14/al142020.public.013.shtml?,https://www.nhc.noaa.gov/data/tcr/AL142020_Marco.pdf,{New Orleans} LA,"Multi-landfall (Laura, Marco)",,,"1 to 2 feet AGL LA, MS, AL, and FL Panhandle (NHC TCR)",,,
2020,Isaias,no,,Jul 31 - Aug 4,https://en.wikipedia.org/wiki/Hurricane_Isaias,2,Cat1,986,17,$5.030,3,6,agl,PS 15-30,WarnA23,https://www.nhc.noaa.gov/archive/2020/al09/al092020.public.023.shtml?,https://www.nhc.noaa.gov/data/tcr/AL092020_Isaias.pdf,{East Coast},,,,3 to 6 feet AGL Grand Strand SC to southern NC (NHC TCR),,,
2020,Hanna,no,,Jul 24-26,https://en.wikipedia.org/wiki/Hurricane_Hanna_(2020),2,Cat1,973,9,$1.200,3,5,agl,PS 8-13,WarnA11,https://www.nhc.noaa.gov/archive/2020/al08/al082020.public.011.shtml?,https://www.nhc.noaa.gov/data/tcr/AL082020_Hanna.pdf,{S TX} TX,,,,3 to 5 feet AGL Middle and Lower Texas Coast (NHC TCR),,,
2020,Cristobal,no,,Jun 1-12,https://en.wikipedia.org/wiki/Tropical_storms_Amanda_and_Cristobal,2,TS,988,46,$0.865,6.2,6.2,agl,P-ETSS,WarnA17,https://www.nhc.noaa.gov/archive/2020/al03/al032020.fstadv.017.shtml?,https://www.nhc.noaa.gov/data/tcr/AL032020_Cristobal.pdf,LA,,,,"6.2 feet at Shell Beach gauge, 3 to 6 feet AGL in S.E. LA, MS, AL (NHC TCR)",,,
2019,,,,,,0,,,,,,,,,,,,,,,,,,,
2019,Lorenzo,,yes,Sep 23 - Oct 7,https://en.wikipedia.org/wiki/Hurricane_Lorenzo_(2019),0,Cat5,925,20,$0.367,,0,,,-,,https://www.nhc.noaa.gov/data/tcr/AL132019_Lorenzo.pdf,"{W. Africa}, CPV, {LS-ANT}, {U.S.}, IRL, {Azores}, GBR, FRA, DEU, {E. Europe}",,,,,,,
2019,Imelda,no,yes,Sep 17-19,https://en.wikipedia.org/wiki/Tropical_Storm_Imelda,1,TS,1003,7,$4.800,1,2,agl,,-,,https://www.nhc.noaa.gov/data/tcr/AL112019_Imelda.pdf,"TX, LA",,,,1 to 2 feet AGL upper TX (including Galveston Bay) and south-west LA (NHC TCR),,,
2019,Dorian,yes,yes,Sep 1-6,https://en.wikipedia.org/wiki/Hurricane_Dorian,3,Cat5,910,84,$5.100,5,7,agl,PS 33-53,WarnA35,https://www.nhc.noaa.gov/archive/2019/al05/al052019.public.035.shtml?,https://www.nhc.noaa.gov/data/tcr/AL052019_Dorian.pdf,"FL, NC","""Sharpie Gate""; Devastating to outer bank island Ocracoke NC",,,5 to 7 feet AGL Hatteras NC (NHC TCR),,,
2019,Barry,no,,Jul 10-14,https://en.wikipedia.org/wiki/Hurricane_Barry_(2019),2,Cat1,993,3,$0.900,4,6,agl,PS 1-16,WarnA5,https://www.nhc.noaa.gov/archive/2019/al02/al022019.public.005.shtml?,https://www.nhc.noaa.gov/data/tcr/AL022019_Barry.pdf,LA,,,,4 to 6 feet AGL Central LA around Vermillion and Atchafalaya Bays (NHC TCR),,,
2018,,,,,,0,,,,,,,,,,,,,,,,,,,
2018,Nov-ET,no,,Nov 24,https://tidesandcurrents.noaa.gov/inundationdb/inundation.html?id=8658120#top10event,1,ET,,,,,2.8,mhhw,P-ETSS,,,,NC,,,,"2.80 feet MHHW at Wilmington, NC",,,
2018,Michael,yes,yes,Oct 7-11,https://en.wikipedia.org/wiki/Hurricane_Michael,5,Cat5,919,74,$25.500,9,14,agl,PS 7-17,WarnA10,https://www.nhc.noaa.gov/archive/2018/al14/al142018.public.010.shtml?,https://www.nhc.noaa.gov/data/tcr/AL142018_Michael.pdf,{US Gulf Coast},(AP3); on NHC SSU page,https://www.weather.gov/media/publications/assessments/Hurricanes_Florence_Michael4-20.pdf,https://stn.wim.usgs.gov/FEV/#2018Michael,9 to 14 feet AGL FL Panhandle from Tyndall AFP to Port St. Joe (NHC TCR),,,
2018,Isaac,no,,Sep 7-15,https://en.wikipedia.org/wiki/2018_Atlantic_hurricane_season#Hurricane_Isaac,0,Cat1,995,-,-,0,0,,,-,,https://www.nhc.noaa.gov/data/tcr/AL092018_Isaac.pdf,{PR (Rain)},,,https://stn.wim.usgs.gov/FEV/#2018Isaac,,,,
2018,Gordon,no,,Sep 3-8,https://en.wikipedia.org/wiki/Tropical_Storm_Gordon_(2018),1,TS,996,3,$0.200,1,3,agl,PS 3-11,WarnA5,https://www.nhc.noaa.gov/archive/2018/al07/al072018.public.005.shtml?,https://www.nhc.noaa.gov/data/tcr/AL072018_Gordon.pdf,"MS, AR, {FL Keys}",Hurricane track over NHC (CONOPS),,,1 to 3 feet AGL from Tampa Bay to south-east LA (NHC TCR),,,
2018,Florence,yes,yes,Aug 31 - Sep 8,https://en.wikipedia.org/wiki/Hurricane_Florence,4,Cat4,937,54,$24.200,8,11,agl,PS 48-65,WarnA50,https://www.nhc.noaa.gov/archive/2018/al06/al062018.public.050.shtml?,https://www.nhc.noaa.gov/data/tcr/AL062018_Florence.pdf,{Eastern US},(IL3),https://www.weather.gov/media/publications/assessments/Hurricanes_Florence_Michael4-20.pdf,https://stn.wim.usgs.gov/FEV/#2018Florence,8 to 11 feet AGL in NC along the Neuse River (NHC TCR),,,
2018,Alberto,no,,May 25 - Jun 1,https://en.wikipedia.org/wiki/Tropical_Storm_Alberto_(2018),1,TS,990,18,$0.125,1,3,agl,PS 1,WatchA2,https://www.nhc.noaa.gov/archive/2018/al01/al012018.public.002.shtml?,https://www.nhc.noaa.gov/data/tcr/AL012018_Alberto.pdf,MS,,,,1 to 3 feet AGL FL Panhandle and west coast of FL (NHC TCR),,,
2018,Mar-ET,no,,Feb 28 - Mar 1,,0,ET,,,,,,,P-ETSS,-,,,"DE, NJ, NY, CT, RI, VT, ME",,,https://stn.wim.usgs.gov/FEV/#2018MarchExtratropicalCyclone,,,,
2018,Jan-ET,no,,Jan 3-17,,0,ET,,,,,,,P-ETSS,-,,,MA,,,https://stn.wim.usgs.gov/FEV/#2018JanuaryExtratropicalCyclone,,,,
2017,,,,,,0,,,,,,,,,,,,,,,,,,,
2017,Nate,yes,yes,Oct 4-9,https://en.wikipedia.org/wiki/Hurricane_Nate,3,Cat1,981,48,$0.787,6,9,agl,PS 7-16,WarnA9,https://www.nhc.noaa.gov/archive/2017/al16/al162017.public.009.shtml?,https://www.nhc.noaa.gov/data/tcr/AL162017_Nate.pdf,"AL, LA, MS",,,https://stn.wim.usgs.gov/FEV/#2017Nate,6 to 9 feet AGL coast of MS and AL west of Mobile Bay (NHC TCR),,,
2017,Maria,yes,yes,Sep 16-30,https://en.wikipedia.org/wiki/Hurricane_Maria,3,Cat5,908,3059,$91.600,6,9,agl,PS 35-46,WarnA42,https://www.nhc.noaa.gov/archive/2017/al15/al152017.public.042.shtml?,https://www.nhc.noaa.gov/data/tcr/AL152017_Maria.pdf,PR,PR Storm,,https://stn.wim.usgs.gov/FEV/#2017Maria,"6 to 9 feet AGL along Humacao, Naguabo, and Ceiba municipalities in Puerto Rico (NHC TCR)",,,
2017,Jose,no,,Sep 5-25,https://en.wikipedia.org/wiki/Hurricane_Jose_(2017),1,Cat4,938,1,$0.003,2.8,2.8,mhhw,,-,,https://www.nhc.noaa.gov/data/tcr/AL122017_Jose.pdf,"CT, RI, MA",P-ETSS Example,,https://stn.wim.usgs.gov/FEV/#2017Jose,< 3 feet AGL mid-Atlantic and southern New England (NHC TCR),,,
2017,Irma,yes,yes,Aug 30 - Sep 12,https://en.wikipedia.org/wiki/Hurricane_Irma,3,Cat5,914,52,$77.200,5,8,agl,PS 34-51,WarnA36,https://www.nhc.noaa.gov/archive/2017/al11/al112017.public.036.shtml?,https://www.nhc.noaa.gov/data/tcr/AL112017_Irma.pdf,"FL, PR",PR Storm; on NHC SSU page,,https://stn.wim.usgs.gov/FEV/#2017Irma,5 to 8 feet AGL Lower FL Keys (Cudjoe Key to Big Pine Key) (NHC TCR),,,
2017,Harvey,yes,yes,Aug 17 - Sep 1,https://en.wikipedia.org/wiki/Hurricane_Harvey,4,Cat4,937,107,$125.000,6,10,agl,PS 23-42,WarnA25,https://www.nhc.noaa.gov/archive/2017/al09/al092017.public.025.shtml?,https://www.nhc.noaa.gov/data/tcr/AL092017_Harvey.pdf,"TX, LA",Rain Impact!,https://www.weather.gov/media/publications/assessments/harvey6-18.pdf,https://stn.wim.usgs.gov/FEV/#2017Harvey,6 to 10 feet AGL between Port Aransas and Matagorda bays TX (NHC TCR),,,
2017,Mar-ET,no,,Mar 13 - Apr 13,,0,ET,,,,,,,ETSS v2.1,-,,,NY,,,https://stn.wim.usgs.gov/FEV/#2017MarExtratropicalCyclone,,,,
2016,,,,,,0,,,,,,,,,,,,,,,,,,,
2016,Otto,yes,yes,Nov 20-26,https://en.wikipedia.org/wiki/Hurricane_Otto,0,Cat3,975,23,$0.192,,0,,,-,,https://www.nhc.noaa.gov/data/tcr/AL162016_Otto.pdf,"PAN, CRI, NIC",,,,,,,
2016,Matthew,yes,yes,Sep 28 - Oct 9,https://en.wikipedia.org/wiki/Hurricane_Matthew,3,Cat5,934,731,$16.500,5,7,agl,PS 26-44,-,,https://www.nhc.noaa.gov/data/tcr/AL142016_Matthew.pdf,SE US,on NHC SSU page,https://www.weather.gov/media/publications/assessments/HurricaneMatthew8-17.pdf,https://stn.wim.usgs.gov/FEV/#2016Matthew,"5 to 7 feet AGL Flagler, St. Johns, and Duval Co FL (NHC TCR)",,,
2016,Hermine,no,,Aug 28 - Sep 8,https://en.wikipedia.org/wiki/Hurricane_Hermine,3,Cat1,981,4,$0.550,4,7,agl,PS 11-24,-,,https://www.nhc.noaa.gov/data/tcr/AL092016_Hermine.pdf,{NW FL} FL,(CD2),,https://stn.wim.usgs.gov/FEV/#2016Hermine,"4 to 7 feet AGL Jefferson, Taylor, Dixie, and Levy Co FL (NHC TCR)",,,
2016,Colin,no,,Jun 5-7,https://en.wikipedia.org/wiki/Tropical_Storm_Colin_(2016),2,TS,1001,6,$0.001,3.6,3.6,mhhw,PS 26-40,-,,https://www.nhc.noaa.gov/data/tcr/AL032016_Colin.pdf,{Cedar Key} FL,Why did we do P-Surge runs for Colin?,,,"< 3 feet from Apalachicola to Tampa Bay, FL (NHC TCR)",,,
2016,Jan-ET,no,,Jan 23-24,https://en.wikipedia.org/wiki/January_2016_United_States_blizzard#Coastal_flooding,2,ET,983,55,$0.500,3.5,3.5,mhhw,ETSS v2.1,-,,,"{Cape May} NJ, DE","Surpassed Sandy record at Cape May, NJ",https://www.weather.gov/media/publications/assessments/16Northeast_Blizzard.pdf,,"9.26 feet (MLLW) or 3.5 (MHHW) at Cape May, NJ (Wikipedia)",,,
2015,,,,,,0,,,,,,,,,,,,,,,,,,,
2015,Oct-ET,no,,Oct 4-5,https://docs.google.com/document/d/1Ubzp3m0crb_X0zanBt9xhVKMmP9s7ayB/edit,2,ET,1005,,,,3.1,mhhw,,,,,,,,,"3.1 mhhw at Wrightsville Beach, NC",,,
2015,Joaquin,yes,,Sep 28 - Oct 8,https://en.wikipedia.org/wiki/Hurricane_Joaquin,2,Cat4,931,34,$0.200,3,4,agl,ETSS v2.0,-,,https://www.nhc.noaa.gov/data/tcr/AL112015_Joaquin.pdf,"VA, BHS, BMU, CUB, HTI",P-ETSS Example,,https://stn.wim.usgs.gov/FEV/#2015Joaquin,"3 to 4 feet AGL in Hampton Roads, VA (NHC TCR)",,,
2015,Erika,yes,yes,Aug 24-28,https://en.wikipedia.org/wiki/Tropical_Storm_Erika,0,TS,1001,35,$0.511,,0,,,-,,https://www.nhc.noaa.gov/data/tcr/AL052015_Erika.pdf,"DMA, HTI",,,,,,,
2015,Jan-ET,no,,Jan 26-28,,2,ET,,,,3.4,3.4,mhhw,ETSS v1.5,-,,,"CT, MA",,,https://stn.wim.usgs.gov/FEV/#2015JanExtratropicalCyclone,,,,
2014,,,,,,0,,,,,,,,,,,,,,,,,,,
2014,Arthur,no,,Jul 1-9,https://en.wikipedia.org/wiki/Hurricane_Arthur,2,Cat2,973,0,$0.040,3,5,agl,PS 6-14,-,,https://www.nhc.noaa.gov/data/tcr/AL012014_Arthur.pdf,NC,,,,"3 to 5 feet AGL for Outer Banks, NC (NHC TCR)",,,
2014,Mar-ET,no,,Mar 7,https://docs.google.com/document/d/1Ubzp3m0crb_X0zanBt9xhVKMmP9s7ayB/edit,1,ET,996,,,,2.27,mhhw,ETSS,,,,NC,,,,"2.27 mhhw at Wrightsville Beach, NC",,,
2013,,,,,,0,,,,,,,,,,,,,,,,,,,
2013,Ingrid,yes,,Sep 12-17,https://en.wikipedia.org/wiki/Hurricane_Ingrid,0,Cat1,983,32,$1.5,,0,,,-,,https://www.nhc.noaa.gov/data/tcr/AL102013_Ingrid.pdf,MEX,,,,,,,
2013,Mar-ET,no,,Mar 24,https://docs.google.com/document/d/1Ubzp3m0crb_X0zanBt9xhVKMmP9s7ayB/edit,1,ET,996,,,,0.84,mhhw,ETSS,,,,NC,,,,"0.84 mhhw at Wrightsvill Beach, NC",,,
2012,,,,,,0,,,,,,,,,,,,,,,,,,,
2012,Sandy,yes,yes,Oct 22-29,https://en.wikipedia.org/wiki/Hurricane_Sandy,3,Cat3,940,254,$68.700,4,9,agl,PS 21-31,-,,https://www.nhc.noaa.gov/data/tcr/AL182012_Sandy.pdf,"{Mid-Atl}, {NE US}",(DE3); Sandy Supplemental; Start of P-ETSS; on NHC SSU page,https://www.weather.gov/media/publications/assessments/Sandy13.pdf,https://stn.wim.usgs.gov/FEV/#2012Sandy,"4 to 9 feet AGL Monmouth and Middlesex Co NJ, Staten Island and Manhattan NY (NHC TCR)",,,
2012,Isaac,no,yes,Aug 21 - Sep 3,https://en.wikipedia.org/wiki/Hurricane_Isaac_(2012),6,Cat1,965,41,$3.100,10,17,agl,PS 16-38,-,,https://www.nhc.noaa.gov/data/tcr/AL092012_Isaac.pdf,LA,(MS7),,,"10 to 17 feet AGL in Plaquemines Parish, LA (NHC TCR)",,,
2011,,,,,,0,,,,,,,,,,,,,,,,,,,
2011,Lee,no,,Sep 2-7,https://en.wikipedia.org/wiki/Tropical_Storm_Lee_(2011),2,TS,986,18,$2.800,4.67,4.67,surge,ETSS,-,,https://www.nhc.noaa.gov/data/tcr/AL132011_Lee.pdf,"LA, MS",Nasty TS,,https://stn.wim.usgs.gov/FEV/#September2011flood-TropicalStormLee,Storm surge from Lake Pontchartrain inundated more than 150 homes in Jefferson and St. Tammany LA (NHC TCR),...submerged parts of Slidell by up to 4 ft [wiki],,
2011,Irene,yes,yes,Aug 21-30,https://en.wikipedia.org/wiki/Hurricane_Irene,4,Cat3,942,58,$14.200,8,11,surge,PS 20-34,-,,https://www.nhc.noaa.gov/data/tcr/AL092011_Irene.pdf,"{Mid-Atl}, {NE US}",(HT3),https://www.weather.gov/media/publications/assessments/Irene2012.pdf,https://stn.wim.usgs.gov/FEV/#2011Irene,6 to 8 feet of storm surge (NHC TCR - Figure 8),,,
2010,,,,,,0,,,,,,,,,,,,,,,,,,,
2010,Tomas,yes,,Oct 29 - Nov 11,https://en.wikipedia.org/wiki/Hurricane_Tomas,0,Cat2,982,44,$0.463,,0,,,-,,https://www.nhc.noaa.gov/data/tcr/AL212010_Tomas.pdf,"BRB, CUB, CUW, HTI, MTQ, VCT, LCA, TTO",,,,,,,
2010,Matthew,,yes,Sep 23 - Sep 28,https://en.wikipedia.org/wiki/Tropical_Storm_Matthew_(2010),,,,,,,,,,,,,,,,,,,,
2010,Karl,,yes,Sep 14-18,https://en.wikipedia.org/wiki/Hurricane_Karl,,,,,,,,,,,,,,,,,,,,
2010,Igor,yes,yes,Sep 8-23,https://en.wikipedia.org/wiki/Hurricane_Igor,0,Cat4,924,4,'$0.2,,0,,,-,,https://www.nhc.noaa.gov/data/tcr/AL112010_Igor.pdf,"CPV, BMU, CAN",,,,,,,
2010,Hermine,no,,Sep 3-10,https://en.wikipedia.org/wiki/Tropical_Storm_Hermine_(2010),2,TS,989,52,$0.740,3.4,3.4,surge,PS 3-4,-,,https://www.nhc.noaa.gov/data/tcr/AL102010_Hermine.pdf,"TX, OK, MEX, CRI, GTM",,,,1.5 to 3.4 feet of storm surge along southeast TX (NHC's TCR),,,
2010,Earl,no,,Aug 25 - Sep 5,https://en.wikipedia.org/wiki/Hurricane_Earl_(2010),2,Cat4,927,8,$0.045,4.27,4.27,surge,PS 26-40,-,,https://www.nhc.noaa.gov/data/tcr/AL072010_Earl.pdf,"PR, VI, NC",,,,"4.27 feet of storm surge at Hatteras Village, NC (NHC's TCR)",,,
2010,Sep-ET,no,,Aug 21 - Sep 8,,0,ET,,,,,,,ETSS,-,,,"MD, VA",,,https://stn.wim.usgs.gov/FEV/#Storm-September2010,,,,
2010,Alex,no,,Jun 25 - Jul 6,https://en.wikipedia.org/wiki/Hurricane_Alex_(2010),2,Cat2,946,51,$1.500,4.94,4.94,surge,PS 12-22,-,,https://www.nhc.noaa.gov/data/tcr/AL012010_Alex.pdf,TX,,,,< 5 feet of storm surge along lower TX coast (NHC's TCR),,,
2010,Mar-ET,no,,Mar 13-15,,0,ET,,,,,,,ETSS,-,,,DC,,,https://stn.wim.usgs.gov/FEV/#2010MarchExtratropicalCyclone,,,,
2009,,,,,,0,,,,,,,,,,,,,,,,,,,
2009,Dec-ET,no,,Dec 19,https://docs.google.com/document/d/1Ubzp3m0crb_X0zanBt9xhVKMmP9s7ayB/edit,1,ET,992,,,,3.12,surge,ETSS,,,,NC,,,,"3.12 feet of surge at Wrightsville Beach, NC",,,
2009,Ida,no,,Nov 10-16,https://en.wikipedia.org/wiki/Hurricane_Ida_(2009),3,Cat2,975,4,$0.0114,6.5,7.7,surge,PS 22-24,-,,https://www.nhc.noaa.gov/data/tcr/AL112009_Ida.pdf,"NC, VA, MD, LA, MS, AL",Became Nor'Ida after landfall in Gulf,,https://stn.wim.usgs.gov/FEV/#2009NovemberExtratropicalCyclone,"6.53 feet of storm surge at Bay Gardene, LA (NHC's TCR)","8639348 Money Point: Nov12,2019: 7.73 surge; 5.4 MHHW; 8.6 MLLW",,
2008,,,,,,0,,,,,,,,,,,,,,,,,,,
2008,Paloma,yes,,Nov 5-10,https://en.wikipedia.org/wiki/Hurricane_Paloma,0,Cat4,944,1,$0.455,,0,,,,,https://www.nhc.noaa.gov/data/tcr/AL172008_Paloma.pdf,"{Cent. Am}, JAM, CYM, CUB, BHS, FL",Retired due to explosive development of heavy rains,,,,,,
2008,Sep-ET,no,,Sep 26,https://docs.google.com/document/d/1Ubzp3m0crb_X0zanBt9xhVKMmP9s7ayB/edit#heading=h.gjdgxs,1,ET,1000,,,,2.7,surge,ETSS,,,,NC,,,,"2.7 feet of storm surge at Wrightsville Beach, NC",,,
2008,Ike,yes,yes,Sep 1-14,https://en.wikipedia.org/wiki/Hurricane_Ike,7,Cat4,935,214,$38,15,20,surge,PS 25-50; Rexfile,-,,https://www.nhc.noaa.gov/data/tcr/AL092008_Ike.pdf,"TX, LA, CUB, CYM, DOM, HTI, BHS+TCA",(EGL3); AGL Concept,,https://stn.wim.usgs.gov/FEV/#2008Ike,"15 to 20 feet (17.5 feet measured) of storm surge on Bolivar Peninsula, Chambers Co, TX (NHC's TCR)",,,
2008,Hanna,,yes,Aug 28 - Sep 12,https://en.wikipedia.org/wiki/Hurricane_Hanna_(2008),,,,,,,,,,,,,,,,,,,,
2008,Gustav,yes,yes,Aug 25 - Sep 4,https://en.wikipedia.org/wiki/Hurricane_Gustav,4,Cat4,941,153,$8.31,12,13,surge,PS 25-33; Rexfile,-,,https://www.nhc.noaa.gov/data/tcr/AL072008_Gustav.pdf,"LA, LS-ANT, GR-ANT",(MS7),,https://stn.wim.usgs.gov/FEV/#2008Gustav,12 to 13 feet of storm surge LA coast in the MS Delta southeast of New Orleans (NHC's TCR),,,
2008,Fay,no,,Aug 15-27,https://en.wikipedia.org/wiki/Tropical_Storm_Fay_(2008),2,TS,986,36,$0.560,3,5,surge,PS 7-20,-,,https://www.nhc.noaa.gov/data/tcr/AL062008_Fay.pdf,"FL, GA, AL, MS, LA, PR, DOM, HTI, JAM, CYM, CUB",,,,"3 to 5 feet of storm surge in Everglades City area, FL (NHC's TCR)",,,
2008,Dolly,no,,Jul 20-26,https://en.wikipedia.org/wiki/Hurricane_Dolly_(2008),2,Cat2,963,21,$1.6,4,4,surge,PS 5-14,-,,https://www.nhc.noaa.gov/data/tcr/AL042008_Dolly.pdf,"{S. TX} TX, CYM, HND, BLZ, GTM, MEX",,,,"4 feet of storm surge at South Padre Island, TX (NHC's TCR)",,,
2007,,,,,,0,,,,,,,,,,,,,,,,,,,
2007,Noel,yes,yes,Nov 2-7,https://en.wikipedia.org/wiki/Hurricane_Noel,0,Cat1,980,220,$0.580,,0,,,-,,https://www.nhc.noaa.gov/data/tcr/AL162007_Noel.pdf,"{Leeward Is}, PR, DOM, HTI, JAM, CUB, TCA, BHS, FL, {East US}, CAN",Retired due to heavy rains in DOM+HTI,,,,,,
2007,Humberto,no,,Sep 12-14,https://en.wikipedia.org/wiki/Hurricane_Humberto_(2007),2,Cat1,985,1,$0.50,2,4,surge,PS 5-6,-,,https://www.nhc.noaa.gov/data/tcr/AL092007_Humberto.pdf,"TX, LA, MS, NC, SC",,,,"2 to 4 feet from east of Galveston Bay TX, to Lake Charles LA (NHC's TCR)",,,
2007,Felix,yes,yes,Sep 5-7,https://en.wikipedia.org/wiki/Hurricane_Felix,0,Cat5,929,133,$0.720,,0,,,-,,https://www.nhc.noaa.gov/data/tcr/AL062007_Felix.pdf,"TTO, {Windward Is}, VEN, {Leeward ANT}, ABW, COL, CRI, NIC, HND, SLV, BLZ, GTM, MEX, {US Gulf}",High death toll in NIC,,,,,,
2007,Dean,yes,yes,Aug 13-27,https://en.wikipedia.org/wiki/Hurricane_Dean,0,Cat5,905,45,$1.66,,0,surge,,-,,https://www.nhc.noaa.gov/data/tcr/AL042007_Dean.pdf,"LS-ANT, GR-ANT, NIC, HND, BLZ, GTM, MEX",Devastaing impact to Yucatan Penninsula,,,,,,
2007,Barry,no,,Jun 1-5,https://en.wikipedia.org/wiki/Tropical_Storm_Barry_(2007),1,TS,997,1,$0.118,1.5,1.5,surge,ETSS,-,,https://www.nhc.noaa.gov/data/tcr/AL022007_Barry.pdf,"FL, {East Coast}, SLV, CUB, CAN",,,,"4.78 (MLLW), 1.5 (surge), 1.9 (MHHW) at Clearwater Beach (Wikipedia)",,,
2006,,,,,,0,,,,,,,,,,,,,,,,,,,
2006,Ernesto,no,,Aug 24 - Sep 1,https://en.wikipedia.org/wiki/Hurricane_Ernesto_(2006),2,Cat1,985,11,$0.500,3,6,surge,ETSS,-,,https://www.nhc.noaa.gov/data/tcr/AL062006_Ernesto.pdf,"{East Coast}, {LS-ANT}, {GR-ANT}, CAN",,,,"3 feet of storm surge at Wrightsville Beach, NC with about 6 feet in some areas (NHC's TCR)","4 to 6 feet in Beaufort Co, NC ; Potomac River [wiki]",,
2006,Alberto,no,,Jun 10-19,https://en.wikipedia.org/wiki/Tropical_Storm_Alberto_(2006),2,TS,995,3,$0.420,3,4,surge,ETSS,-,,https://www.nhc.noaa.gov/data/tcr/AL012006_Alberto.pdf,"{N.W. Caribbean}, {S.E. US}, CAN",,,,3 feet of water into a restaurant in Citrus Co. FL; 4 feet storm surge at Cedar Key (NHC's TCR),7.3 feet storm tide at Crystal River Power Plant (FL Panhandle) [wiki],,
2005,,,,,,0,,,,,,,,,,,,,,,,,,,
2005,Wilma,yes,yes,Oct 15-26,https://en.wikipedia.org/wiki/Hurricane_Wilma,3,Cat5,882,52,$22.4,9,9,surge,PS 29-35,-,,https://www.nhc.noaa.gov/data/tcr/AL252005_Wilma.pdf,"{S. FL} FL, HTI, MEX, BHS, JAM",,,https://stn.wim.usgs.gov/FEV/#2005Wilma,"9 feet of storm surge near Marathon, 4 - 8 feet Collier Co, (NHC's TCR)",,,
2005,Tammy,no,,Oct 5-6,https://en.wikipedia.org/wiki/Tropical_Storm_Tammy_(2005),2,TS,1001,10,$0.030,2,4,surge,ETSS,-,,https://www.nhc.noaa.gov/data/tcr/AL222005_Tammy.pdf,"FL, GA, SC, BHS",,,,"2 to 4 feet of storm surge in N.E. FL, GA, and SC (NHC's TCR)",,,
2005,Stan,yes,yes,Oct 1-5,https://en.wikipedia.org/wiki/Hurricane_Stan,0,Cat1,977,1673,$3.98,,0,,,-,,https://www.nhc.noaa.gov/data/tcr/AL202005_Stan.pdf,"CRI, NIC, HND, SLV, BLZ, GTM, MEX",Mud slides in GTM,,,,,,
2005,Rita,yes,yes,Sep 18-26,https://en.wikipedia.org/wiki/Hurricane_Rita,5,Cat5,895,120,$18.5,15,15,surge,ETSS,-,,https://www.nhc.noaa.gov/data/tcr/AL182005_Rita.pdf,"FL, LA, MS, TX",,,https://stn.wim.usgs.gov/FEV/#2005Rita,15 feet of storm surge in Cameron LA; 12 feet in western St. Mary Parish (NHC's TCR),,,
2005,Ophelia,no,,Sep 6-23,https://en.wikipedia.org/wiki/Hurricane_Ophelia_(2005),2,Cat1,976,3,$0.070,4,6,surge,ETSS,-,,https://www.nhc.noaa.gov/data/tcr/AL162005_Ophelia.pdf,"NC, {East Coast}, BHS, CAN",,,,"4 to 6 feet Pamlico Sound including Neuse, Pamlico, and Newport Rivers (NHC's TCR)","6 to 8 feet south part of Pamlico Sound, NC [wiki]",,
2005,Katrina,yes,yes,Aug 23-31,https://en.wikipedia.org/wiki/Hurricane_Katrina,9,Cat5,902,1392,$125,24,28,surge,PS 18-25; Rexfile,-,,https://www.nhc.noaa.gov/data/tcr/AL122005_Katrina.pdf,"LA, MS, AL, FL, GA","(MS7), Katrina Supplemental, Levees Failed ",https://www.weather.gov/media/publications/assessments/Katrina.pdf,,"27.8 feet at Pass Christian, 24 to 28 feet along 20 miles of MS Coast centered on St. Louis Bay, 17 to 22 feet along eastern half of MS coast, 6 miles inland, and up to 12 miles along bays and rivers (NHC's TCR)",,,
2005,Emily,no,,Jul 11-21,https://en.wikipedia.org/wiki/Hurricane_Emily_(2005),2,Cat5,929,22,$1,4,5,surge,ETSS,-,,https://www.nhc.noaa.gov/data/tcr/AL052005_Emily.pdf,"TX, GRD, JAM, HTI, HND, MEX",,,,Estimated storm tides in the 4 - 5 foot range (NHC's TCR),4.26 feet of storm surge in TX [wiki],,
2005,Dennis,yes,yes,Jul 4-18,https://en.wikipedia.org/wiki/Hurricane_Dennis,3,Cat4,930,88,$3.98,6,9,surge,PS 17-24; Rexfile,-,,https://www.nhc.noaa.gov/data/tcr/AL042005_Dennis.pdf,"{FL Keys}, MS, AL, {Windward Is}, {GR-ANT}, CUB, CAN",(EPN3) Trapped Kelvin Wave,,,6 to 9 feet above normal tide levels in Apalachee Bay (NHC's TCR),"9 feet storm surge in the Apalachee Bay Region, and 7 feet on FL Panhandle [wiki]",,
2005,Cindy,no,,Jul 3-12,https://en.wikipedia.org/wiki/Hurricane_Cindy_(2005),2,Cat1,991,3,$0.320,4,6,surge,ETSS,-,,https://www.nhc.noaa.gov/data/tcr/AL032005_Cindy.pdf,"LA, MS, DE, MD, {Yuc-Pen}",,,,,,,
2005,Feb-ET,no,,Feb 28,https://docs.google.com/document/d/1Ubzp3m0crb_X0zanBt9xhVKMmP9s7ayB/edit#heading=h.gjdgxs,2,,992,,,,3.7,surge,ETSS,,,,NC,,,,"3.62 feet of surge at Wrightsville Beach, NC",,,
2004,,,,,,0,,,,,,,,,,,,,,,,,,,
2004,Jeanne,yes,yes,Sep 13-28,https://en.wikipedia.org/wiki/Hurricane_Jeanne,2,Cat3,950,3037,$7.94,3,6,surge,PS 44-49,-,,https://www.nhc.noaa.gov/data/tcr/AL112004_Jeanne.pdf,"{Melbourne, FL}, FL, SC, VA, HTI, DOM",,,,"3.8 feet of storm surge at Trident Pier, up to 6 feet likely in area of Melbourne FL",,,
2004,Ivan,yes,yes,Sep 2-25,https://en.wikipedia.org/wiki/Hurricane_Ivan,5,Cat5,910,124,$26.1,10,15,surge,PS 48-54,-,,https://www.nhc.noaa.gov/data/tcr/AL092004_Ivan.pdf,"AL, NW FL, GRD, JAM, DOM, VEN, CYM, TTO, BRB",,,,"10 to 15 feet of storm surge along coasts from Destin, FL to Mobile Bay, AL",,,
2004,Gaston,no,,Aug 27 - Sep 3,https://en.wikipedia.org/wiki/Hurricane_Gaston_(2004),2,Cat1,985,9,$0.130,4,4.5,surge,ETSS,-,,https://www.nhc.noaa.gov/data/tcr/AL072004_Gaston.pdf,"NC, SC, VA, MD, DE, MA",,,,-4.5 foot (typo?) for Bulls Bay Charleston CO,"4 to 4.5 ft of storm surge in Bulls Bay, SC [wiki]",,
2004,Frances,yes,yes,Aug 24 - Sep 10,https://en.wikipedia.org/wiki/Hurricane_Frances,3,Cat4,935,50,$10.1,5.98,8,surge,PS 37-44,-,,https://www.nhc.noaa.gov/data/tcr/AL062004_Frances.pdf,"FL, GA, SC, NC, BHS, CAN",,,,"5.89 feet MSL at St. Lucie Lock, FL; 8 feet near Vero Bay, and 6 feet around Cocoa Beach",,,
2004,Charley,yes,yes,Aug 9-15,https://en.wikipedia.org/wiki/Hurricane_Charley,3,Cat4,941,35,$16.9,4.2,7,surge,PS 10-16; Rexfile,-,,https://www.nhc.noaa.gov/data/tcr/AL032004_Charley.pdf,"SW FL, SC, NC, RI, CUB, JAM",(EFM2),https://www.weather.gov/media/publications/assessments/Charley06.pdf,,"4.2 feet near Horseshoe Key, 6 - 7 feet on Sanibel and Estero Is.",,,
2004,Alex,no,,Jul 31 - Aug 6,https://en.wikipedia.org/wiki/Hurricane_Alex_(2004),2,Cat3,957,1,$0.0075,,6,surge,ETSS,-,,https://www.nhc.noaa.gov/data/tcr/AL012004_Alex.pdf,"{Sable Is, NC} NC",,,,6 feet at Buxton NC,,,
2004,Catarina,,yes,Mar 24-28,https://en.wikipedia.org/wiki/Hurricane_Catarina,0,Cat2,972,11,$0.350,,0,,,,,,S. BRA,,,,,,,
2003,,,,,,0,,,,,,,,,,,,,,,,,,,
2003,Juan,yes,,Sep 24-29,https://en.wikipedia.org/wiki/Hurricane_Juan,0,Cat2,969,8,$0.20,,0,,,-,,https://www.nhc.noaa.gov/data/tcr/AL152003_Juan.pdf,CAN,5-7 feet; highest surge recorded in Halifax,,,,,,
2003,Isabel,yes,yes,Sep 6-19,https://en.wikipedia.org/wiki/Hurricane_Isabel,3,Cat5,915,51,$3.6,6,8,surge,PS 43-49; Rexfile,-,,https://www.nhc.noaa.gov/data/tcr/AL132003_Isabel.pdf,"NC, VA, MD, DE","(HT3), Start P-Surge",https://www.weather.gov/media/publications/assessments/isabel.pdf,https://stn.wim.usgs.gov/FEV/#2003Isabel,"6 to 8 feet of storm surge in NC, 4 to 6 in VA, 2 to 4 in MD",https://surge.climate.lsu.edu/historical_maps.html#atlantic,,
2003,Fabian,yes,yes,Aug 27 - Sep 10,https://en.wikipedia.org/wiki/Hurricane_Fabian,0,Cat4,939,8,$0.30,,0,,,,,https://www.nhc.noaa.gov/data/tcr/AL102003_Fabian.pdf,"{Leeward Is}, BMU, CAN, ISL",significant damage and loss of life caused by Hurricane Fabian when it struck Bermuda in September 2003,,,,,,
2003,Claudette,no,,Jul 8-17,https://en.wikipedia.org/wiki/Hurricane_Claudette_(2003),2,Cat1,979,3,$0.181,3,6,surge,ETSS,-,,https://www.nhc.noaa.gov/data/tcr/AL042003_Claudette.pdf,"TX, JAM, {Yuc-Pen}, MEX",,,,3 to 6 feet of storm surge in Galveston area,,,
2003,Bill,no,,Jun 29 - Jul 3,https://en.wikipedia.org/wiki/Tropical_Storm_Bill_(2003),2,TS,997,4,$0.0505,5.04,5.54,surge,ETSS,-,,https://www.nhc.noaa.gov/data/tcr/AL032003_Bill.pdf,"LA, MS, MEX",,,,"5.04 Mendeville, LA, Levee breach in the Montegut Area, LA, 5.54 feet Bayou Bienvenue, MS",,,
2002,,,,,,0,,,,,,,,,,,,,,,,,,,
2002,Lili,yes,,Sep 21 - Oct 4,https://en.wikipedia.org/wiki/Hurricane_Lili,4,Cat4,938,15,$1.16,,12.3,surge,PS 41-47; Rexfile,-,,https://www.nhc.noaa.gov/data/tcr/AL132002_Lili.pdf,"ANT, LA, SC","(LF2), Levee fail at Montegut and Franklin LA",,,"12.3 feet storm tide near Calumet, 11.7 at Vermillion Bay, 10 - 12 feet south of Morgan City",,,
2002,Isidore,yes,,Sep 14-27,https://en.wikipedia.org/wiki/Hurricane_Isidore,3,Cat3,934,22,$1.3,,8.3,surge,Rexfile,,,https://www.nhc.noaa.gov/data/tcr/AL102002_Isidore.pdf,"VEN, JAM, CYM, CUB, {Yuc-Pen}, LA, MS",(MS7),,,"8.3 feet storm surge at Rigoletes, LA and Gulfport Harbor, MS",,,
2002,Gustav,no,,Sep 8-15,https://en.wikipedia.org/wiki/Hurricane_Gustav_(2002),2,Cat2,960,4,$0.00,5,6,surge,ETSS,,,https://www.nhc.noaa.gov/data/tcr/AL082002_Gustav.pdf,"{US East}, CAN",,,,"5 to 6 feet of storm surge on the inland side of the outer banks in Hyde and Dare CO, NC",,,
2001,,,,,,0,,,,,,,,,,,,,,,,,,,
2001,Michelle,yes,yes,Oct 29 - Nov 6,https://en.wikipedia.org/wiki/Hurricane_Michelle,1,Cat4,933,48,$2.42,1,3,surge,ETSS,,,https://www.nhc.noaa.gov/data/tcr/AL152001_Michelle.pdf,"JAM, CRI, NIC, HND, CYM, CUB, BHS, TCA, BMU, FL",Major impact to Cuba,,,1 to 3 feet of storm surge along S.E. FL and FL. Keys,,,
2001,Iris,yes,yes,Oct 4-9,https://en.wikipedia.org/wiki/Hurricane_Iris,0,Cat4,948,36,$0.25,,0,,,,,https://www.nhc.noaa.gov/data/tcr/AL112001_Iris.pdf,"{Windward Is}, DOM, HTI, JAM, HND, BLZ, GTM, {E. MEX}",Major impact to Belize,,,,,,
2001,Allison,yes,yes,Jun 5-20,https://en.wikipedia.org/wiki/Tropical_Storm_Allison,1,TS,1000,41,$9,2,3,surge,ETSS,,,https://www.nhc.noaa.gov/data/tcr/AL012001_Allison.pdf,"TX, LA, MS, FL, VA, PA",Major Rain event (similar to Harvey-2017),https://www.weather.gov/media/publications/assessments/allison.pdf,,2 to 3 feet of storm surge + wave heights up to 8 feet on Galveston Is. TX,,,
2000,,,,,,0,,,,,,,,,,,,,,,,,,,
2000,Keith,yes,,Sep 28 - Oct 6,https://en.wikipedia.org/wiki/Hurricane_Keith,0,Cat4,939,68,$0.319,,0,,,,,https://www.nhc.noaa.gov/data/tcr/AL152000_Keith.pdf,"{Cent. Am.}, {Yuc-Pen}, MEX, BLZ",Major impact to Belize (Rainfall),,,,,,
1999,,,,,,0,,,,,,,,,,,,,,,,,,,
1999,Lenny,yes,yes,Nov 13-23,https://en.wikipedia.org/wiki/Hurricane_Lenny,7,Cat4,933,17,$0.786,15,20,tide,,,,https://www.nhc.noaa.gov/data/tcr/AL161999_Lenny.pdf,"COL, PR, LS-ANT","US-VI; ""Wrong way Lenny""",,,"15 - 20 feet in Frederiksted, St. Croix, USVI, max recorded storm tide was 2.9 feet in Lime Tree Bay, St. Croix",,,
1999,Irene,no,,Oct 13-34,https://en.wikipedia.org/wiki/Hurricane_Irene_(1999),1,Cat2,958,19,$0.800,,2.9,surge,ETSS,,,https://www.nhc.noaa.gov/data/tcr/AL131999_Irene.pdf,"CUB, BHS, FL, NC, VA",,,,"2.9 feet of storm surge at Fernandina Beach FL, 2.3 feet of storm surge at Vaca Key",,,
1999,Floyd,yes,yes,Sep 7-19,https://en.wikipedia.org/wiki/Hurricane_Floyd,4,Cat4,921,87,$6.5,9,10,surge,PS 27-33; Rexfile,,,https://www.nhc.noaa.gov/data/tcr/AL081999_Floyd.pdf,"NC, PA, NJ, VA, MD, DE, NY, CT, VT, BHS","MDL Website; (BHA, IL3)",https://www.weather.gov/media/publications/assessments/floyd.pdf,,9 - 10 feet of surge along NC coast,,,
1999,Dennis,no,,Aug 24 - Sep 9,https://en.wikipedia.org/wiki/Hurricane_Dennis_(1999),4,Cat2,962,6,$0.157,8,10,surge,Rexfile,,,https://www.nhc.noaa.gov/data/tcr/AL051999_Dennis.pdf,"BHS, FL, GA, NC, VA, {Mid-Atlantic}, {New England}, CAN","(HT3), Does a loop-the-loop",,,"8 to 10 feet of storm surge along Neuse River, 3 - 5 feet along NC Coast",,,
1999,Bret,no,,Aug 18-25,https://en.wikipedia.org/wiki/Hurricane_Bret,4,Cat4,944,7,$0.015,8,10,surge,Rexfile,,,https://www.nhc.noaa.gov/data/tcr/AL031999_Bret.pdf,"MEX, TX",(CR3),,,"8 to 10 feet along Central and N. Padre Is. (based on SLOSH), 3 to 5 feet at Port Mansfield Pass, TX",,,
1998,,,,,,0,,,,,,,,,,,,,,,,,,,
1998,Mitch,yes,yes,Oct 22 - Nov 9,https://en.wikipedia.org/wiki/Hurricane_Mitch,2,Cat5,905,19325,$6.08,2,4,surge,ETSS,,,https://www.nhc.noaa.gov/data/tcr/AL131998_Mitch.pdf,"HND, NIC, GTM, SLV, BLZ, MEX, CRI, JAM, PAN, FL",Main damage from mudslides in HND followed by disease,,,2 to 4 feet in FL Keys,,,
1998,Georges,yes,yes,Sep 15 - Oct 1,https://en.wikipedia.org/wiki/Hurricane_Georges,4,Cat4,937,604,$9.3,5,12,surge,PS 44-52; Rexfile,,,https://www.nhc.noaa.gov/data/tcr/AL071998_Georges.pdf,"{Leeward Is}, PR, DOM, HTI, CUB, FL, LA, MS, AL, GA","(HSJU, MS7)",,,"10 feet (Fajardo PR) and 4 - 6 feet in FL Keys, 5 - 9 feet in LA and MS, 5 - 12 ft in AL (9.3 in AL, 11.9 in For Morgan)",,,
1998,Frances,no,,Sep 8-13,https://en.wikipedia.org/wiki/Tropical_Storm_Frances_(1998),3,TS,990,1,$0.5,6,8,surge,ETSS,,,https://www.nhc.noaa.gov/data/tcr/AL061998_Frances.pdf,"TX, LA",,,,6 - 8 feet of storm surge along middle and upper TX coast,,,
1998,Earl,no,,Aug 31 - Sep 8,https://en.wikipedia.org/wiki/Hurricane_Earl_(1998),3,Cat2,985,3,$0.079,,8,surge,Rexfile,,,https://www.nhc.noaa.gov/data/tcr/AL051998_Earl.pdf,"FL, GA",(HPA2),,,"8 feet in Franklin, Wakulla, Jefferson and Taylor Co, FL (Big-Bend FL)",,,
1998,Bonnie,no,,Aug 19-30,https://en.wikipedia.org/wiki/Hurricane_Bonnie_(1998),3,Cat3,954,5,$1,5,9.1,tide,Rexfile,,,https://www.nhc.noaa.gov/data/tcr/AL021998_Bonnie.pdf,NC,https://surge.climate.lsu.edu/historical_maps.html#atlantic,,,"TCR says: 9.1 at Masonboro, 5 to 8 feet storm tide in Brunswick Co, NC; 6 feet storm surge in Pasquotank and Camden Co, NC",8-12 feet storm tide on surge.climate map,,
1997,,,,,,0,,,,,,,,,,,,,,,,,,,
1997,Danny,no,,Jul 16-27,https://en.wikipedia.org/wiki/Hurricane_Danny_(1997),2,Cat1,984,9,$0.10,2,6.54,tide,ETSS,,,https://www.nhc.noaa.gov/data/tcr/AL051997_Danny.pdf,"LA, MS, AL, TN, FL, GA, SC, NC, VA, MA",,,,"2 - 5 feet of storm tide, from FL/AL border to Dauphin Is., Max storm tide 6.54 feet",,,
1996,,,,,,0,,,,,,,,,,,,,,,,,,,
1996,Josephine,no,,Oct 4-13,https://en.wikipedia.org/wiki/Tropical_Storm_Josephine_(1996),3,TS,981,3,$0.130,,9,tide,ETSS,,,https://www.nhc.noaa.gov/data/tcr/AL101996_Josephine.pdf,"FL, LA, NC, CAN",https://www.intechopen.com/chapters/15338,,,"9 feet in Levy Co, FL and 4 to 6 feet in Pinellas and Hillsborough Co",2.54 MHHW at Wilmington NC,,
1996,Hortense,yes,,Sep 3-16,https://en.wikipedia.org/wiki/Hurricane_Hortense,0,Cat4,935,39,$0.158,,,surge,ETSS,,,https://www.nhc.noaa.gov/data/tcr/AL081996_Hortense.pdf,"LS-ANT, PR, DOM, TCA, CAN",PR Storm,,,9-feet storm surge in N.E. DOM; rains impacted PR (similar to Maria-2017),,,
1996,Fran,yes,yes,Aug 23 - Sep 10,https://en.wikipedia.org/wiki/Hurricane_Fran,4,Cat3,946,27,$5,5,12,tide,ETSS,,,https://www.nhc.noaa.gov/data/tcr/AL061996_Fran.pdf,"SC, NC, VA, WV, MD, PA",https://surge.climate.lsu.edu/historical_maps.html#atlantic,https://www.weather.gov/media/publications/assessments/franrpt.pdf,,5.6 - 7.3 feet at Washington DC; 5.5 feet storm surge at Wilmington NC; 10-12 at Figure Eight Is.; 10-11 at Wrightsville Beach,12-16 feet storm tide based on surge.climate map,,
1996,Cesar,yes,,Jul 24 - Aug 8,https://en.wikipedia.org/wiki/Hurricane_Cesar%E2%80%93Douglas,0,Cat4,945,113,$0.203,,0,,,,,https://www.nhc.noaa.gov/data/tcr/AL031996_Cesar.pdf,"{Windward Is.}, TTO, {Leeward ANT}, VEN, COL, MEX, GTM, PAN, SLV",Heavy Rain and transitioned from Atlantic to Pacific basins,,,,,,
1996,Bertha,no,,Jul 5-18,https://en.wikipedia.org/wiki/Hurricane_Bertha_(1996),3,Cat3,960,12,$0.335,7,8,tide,ETSS,,,https://www.nhc.noaa.gov/data/tcr/AL021996_Bertha.pdf,"{Leeward Is}, PR, NC, {Mid-Atlantic}, {New England}, CAN",,https://www.weather.gov/media/publications/assessments/bertha.pdf,,"6 feet surge; 8 feet stormTide near Swansboro, NC;; 7 feet storm tide near Bellhaven, NC",,,
1995,,,,,,0,,,,,,,,,,,,,,,,,,,
1995,Roxanne,yes,yes,Oct 7-21,https://en.wikipedia.org/wiki/Hurricane_Roxanne,0,Cat3,956,29,$1.5,,0,,,,,https://www.nhc.noaa.gov/data/tcr/AL191995_Roxanne.pdf,MEX,,,,,,,
1995,Opal,yes,yes,Sep 27 - Oct 6,https://en.wikipedia.org/wiki/Hurricane_Opal,5,Cat4,916,63,$4.7,5,14,tide,Rexfile,,,https://www.nhc.noaa.gov/data/tcr/AL171995_Opal.pdf,"GTM, MEX, AL, {FL - Panhandle}",(EPN3); wave surge interaction,,,"Still water marks ranged from 5 to 14 feet MSL in Panhandle, 8.3 feet Panama City Beach, breaking waves added 10 feet; 5 - 6 feet Apalachicola, 2 - 4 feet Sarasota",,,
1995,Marilyn,yes,yes,Sep 12-30,https://en.wikipedia.org/wiki/Hurricane_Marilyn,3,Cat3,949,13,$2.5,6,6.6,surge,ETSS,,,https://www.nhc.noaa.gov/data/tcr/AL151995_Marilyn.pdf,"{Leeward Is}, BRB, MTQ, DMA, GLP, PR, VI, BMU",,https://www.weather.gov/media/publications/assessments/marilyn.pdf,,"6 feet of storm surge at St Croix, 6.6 feet St. Thomas",,,
1995,Luis,yes,yes,Aug 28 - Sep 12,https://en.wikipedia.org/wiki/Hurricane_Luis,0,Cat4,935,19,$3.3,,0,,,,,https://www.nhc.noaa.gov/data/tcr/AL131995_Luis.pdf,"{Leeward Is}, VI, PR, BMU",Very wet storm impacting Leeward Is.,,,,,,
1995,Erin,no,,Jul 31 - Aug 6,https://en.wikipedia.org/wiki/Hurricane_Erin_(1995),3,Cat2,973,16,$0.700,6,7,tide,Rexfile,,,https://www.nhc.noaa.gov/data/tcr/AL051995_Erin.pdf,"BHS, JAM, {US East coast}, LA, AK, MS",(PB3),,,"6 to 7 feet of storm tides west of Navarre Beach, FL",,,
1995,Allison,no,,Jun 3-11,https://en.wikipedia.org/wiki/Hurricane_Allison_(1995),3,Cat1,987,1,$0.0017,6,8,surge,ETSS,,,https://www.nhc.noaa.gov/data/tcr/AL011995_Allison.pdf,"{Yuc-Pen}, {W. CUB}, FL, GA, NC, SC, CAN",https://www.intechopen.com/chapters/15338,,,Storm Surge of at least 6.8 feet (NGVD) measured at Turkey Pnt.  Max estimate 6 to 8 feet from wakulla through Dixie counties,"""Maximum storm surge heights were estimated at 6 to 8 ft from Wakulla through Dixie counties...”, FL (https://www.intechopen.com/chapters/15338)",,
1994,,,,,,0,,,,,,,,,,,,,,,,,,,
1994,Gordon,no,yes,Nov 8-21,https://en.wikipedia.org/wiki/Hurricane_Gordon,2,Cat1,980,1152,$0.594,,4,tide,,,,https://en.wikipedia.org/wiki/Hurricane_Gordon,"DOM, HTI, CRI, JAM, PAN, CUB, FL, NC",A lot of death in Haiti,,,"""Tides reached 4 ft (1.2 m) above normal in Virginia Beach,""",,,
1994,Beryl,no,,Aug 14-19,https://en.wikipedia.org/wiki/Tropical_Storm_Beryl_(1994),2,TS,999,5,$0.742,3,5,tide,,,,https://en.wikipedia.org/wiki/Tropical_Storm_Beryl_(1994),{FL - Panama City},,,,"""Along the coast of the Florida Panhandle, tides ranging from 3 to 5 ft (0.91 to 1.52 m) above normal were reported.""",,,
1994,Alberto,no,,Jun 30 - Jul 7,https://en.wikipedia.org/wiki/Tropical_Storm_Alberto_(1994),2,TS,993,32,$1.03,3,5,surge,,,,https://www.intechopen.com/chapters/15338,"{FL Panhandle}, AL, GA",,http://www.nws.noaa.gov/oh/hrl/surveys/alberto/index.htm,,"“A storm tide of 5 feet was estimated near Destin. A 3 foot storm surge (NGVD) occurred at Panama City, Panama City Beach, Turkey Point and Apalachicola.”",,,
1993,,,,,,0,,,,,,,,,,,,,,,,,,,
1993,Gert,,yes,Sep 14-26,https://en.wikipedia.org/wiki/Hurricane_Gert,,,,,,,,,,,,,,,,,,,,
1993,Bret,,yes,Aug 4-11,https://en.wikipedia.org/wiki/Tropical_Storm_Bret_(1993),,,,,,,,,,,,,,,,,,,,
1993,Storm_of_Century,,,Mar 13,https://tidesandcurrents.noaa.gov/inundationdb/inundation.html?id=8658120#top10event,1,ET,,,,,2.82,mhhw,,,,,NC,,,,2.82 at wilmington NC,,,
1992,,,,,,0,,,,,,,,,,,,,,,,,,,
1992,Andrew,yes,yes,August,http://en.wikipedia.org/wiki/Hurricane_Andrew,6,,922,,,,17,surge,Rexfile,,,https://surge.climate.lsu.edu/historical_maps.html#atlantic,FL,,,,,,,
1991,,,,,,0,,,,,,,,,,,,,,,,,,,
1991,Perfect_Storm,,yes,Oct,http://en.wikipedia.org/wiki/1991_Perfect_Storm,,,,,,,,,,,,,,,,,,,,
1991,Bob,yes,yes,Aug 16-29,https://en.wikipedia.org/wiki/Hurricane_Bob,,,,,,,,,Rexfile,,,,,,,,,,,
1990,,,,,,0,,,,,,,,,,,,,,,,,,,
1990,Klaus,Yes,,Oct 3-9,https://en.wikipedia.org/wiki/Hurricane_Klaus_(1990),,,,,,,,,,,,,,,,,,,,
1990,Diana,yes,yes,Aug 4-9,https://en.wikipedia.org/wiki/Hurricane_Diana,,,,,,,,,,,,,,,,,,,,
1989,,,,,,0,,,,,,,,,,,,,,,,,,,
1989,Hugo,yes,yes,September,http://en.wikipedia.org/wiki/Hurricane_Hugo,6,,918,,,,17,tide,Rexfile,,,https://surge.climate.lsu.edu/historical_maps.html#atlantic,SC,,,,,,,
1989,Chantal,,,,,3,,,,,,7,MSL,,,,https://www.intechopen.com/chapters/15338,TX,,,,,,,
1988,,,,,,0,,,,,,,,,,,,,,,,,,,
1988,Joan,yes,yes,Oct,http://en.wikipedia.org/wiki/Hurricane_Joan,,,,,,,,,,,,,,,,,,,,
1988,Gilbert,yes,yes,September,http://en.wikipedia.org/wiki/Hurricane_Gilbert,2,,888,,,3,5,surge,,,,https://www.intechopen.com/chapters/15338,TX,,,,,,,
1988,Florence,,,,,,,,,,,,,Rexfile,,,,,,,,,,,
1987,,,,,,0,,,,,,,,,,,,,,,,,,,
1986,,,,,,0,,,,,,,,,,,,,,,,,,,
1985,,,,,,0,,,,,,,,,,,,,,,,,,,
1985,Juan,,yes,Oct 26 - Nov 3,https://en.wikipedia.org/wiki/Hurricane_Juan_(1985),3,,,,,,8,surge,,,,https://www.intechopen.com/chapters/15338,LA,,,,,,,
1985,Gloria,yes,yes,September,,,,919,,,,,,Rexfile,,,,,,,,,,,
1985,Elena,yes,yes,Aug 28 - Sep 4,https://en.wikipedia.org/wiki/Hurricane_Elena,,,,,,,,,,,,,,,,,,,,
1985,Danny,,,,,3,,,,,,8,surge,,,,https://www.intechopen.com/chapters/15338,LA,,,,,,,
1984,,,,,,0,,,,,,,,,,,,,,,,,,,
1983,,,,,,0,,,,,,,,,,,,,,,,,,,
1983,Alicia,yes,yes,Aug 15-21,https://en.wikipedia.org/wiki/Hurricane_Alicia,,,,,,,,,Rexfile,,,,,,,,,,,
1982,,,,,,0,,,,,,,,,,,,,,,,,,,
1981,,,,,,0,,,,,,,,,,,,,,,,,,,
1980,,,,,,0,,,,,,,,,,,,,,,,,,,
1980,Jeanne,,,Nov 7-16,https://en.wikipedia.org/wiki/Hurricane_Jeanne_(1980),,,,,,2,4,,,,,https://www.intechopen.com/chapters/15338,TX,,,,,,,
1980,Danielle,,,Sep 4-7,https://en.wikipedia.org/wiki/Tropical_Storm_Danielle_(1980),,,,,,2,3,,,,,https://www.intechopen.com/chapters/15338,"SW LA, TX",,,,,,,
1980,Allen,yes,yes,August,http://en.wikipedia.org/wiki/Hurricane_Allen,,,899,,,,,,Rexfile,,,,,,,,,,,
1979,,,,,,0,,,,,,,,,,,,,,,,,,,
1979,Frederic,yes,yes,Sep,http://en.wikipedia.org/wiki/Hurricane_Frederic,,,,,,,,,,,,,,,,,,,,
1979,David,yes,yes,Aug/Sep,http://en.wikipedia.org/wiki/Hurricane_David,,,,,,,,,,,,,,,,,,,,
1979,Bob,,,,,2,,,,,3,5,surge,,,,https://www.intechopen.com/chapters/15338,LA,,,,,,,
1978,,,,,,0,,,,,,,,,,,,,,,,,,,
1978,Gerta,yes,,,,,,,,,,,,,,,,,,,,,,,
1978,Amelia,,yes,,https://en.wikipedia.org/wiki/Tropical_Storm_Amelia_(1978),,,,,,,,,,,,,,,,,,,,
1977,,,,,,0,,,,,,,,,,,,,,,,,,,
1977,Anita,yes,,,,,,,,,,,,,,,,,,,,,,,
1976,,,,,,0,,,,,,,,,,,,,,,,,,,
1975,,,,,,0,,,,,,,,,,,,,,,,,,,
1975,Eloise,yes,yes,Sep,http://en.wikipedia.org/wiki/Hurricane_Eloise,6,,,,,,17,surge,Rexfile,,,https://surge.climate.lsu.edu/historical_maps.html#gulf,{FL Panhandle},,,,,,,
1974,,,,,,0,,,,,,,,,,,,,,,,,,,
1974,Fifi,yes,yes,Sep,http://en.wikipedia.org/wiki/Hurricane_Fifi,,,,,,,,,,,,,,,,,,,,
1974,Carmen,yes,,,,,,,,,,,,,,,,,,,,,,,
1973,,,,,,0,,,,,,,,,,,,,,,,,,,
1973,Delia,,,,,3,,,,,5,7,surge,,,,https://www.intechopen.com/chapters/15338,TX,,,,,,,
1972,,,,,,0,,,,,,,,,,,,,,,,,,,
1972,Agnes,yes,yes,Jun,http://en.wikipedia.org/wiki/Hurricane_Agnes,,,,,,,,,Rexfile,,,,,,,,,,,
1971,,,,,,0,,,,,,,,,,,,,,,,,,,
1970,,,,,,0,,,,,,,,,,,,,,,,,,,
1970,Celia,yes,yes,Jul 31 - Aug 5,https://en.wikipedia.org/wiki/Hurricane_Celia,,,,,,,,,,,,,,,,,,,,
1969,,,,,,0,,,,,,,,,,,,,,,,,,,
1969,Camille,yes,yes,August,http://en.wikipedia.org/wiki/Hurricane_Camille,6,,900,,,,17,surge,Rexfile,,,https://surge.climate.lsu.edu/historical_maps.html#gulf,"LA, MS",,,,,,,
1968,,,,,,0,,,,,,,,,,,,,,,,,,,
1968,Gladys,,,,,2,,,,,,6.5,tide,,,,https://www.intechopen.com/chapters/15338,FL,,,,,,,
1968,Candy,,,,,2,,,,,,4,tide,,,,https://www.intechopen.com/chapters/15338,"{Corpus Cristi BayTX}, TX",,,,,,,
1967,,,,,,0,,,,,,,,,,,,,,,,,,,
1967,Beulah,yes,yes,September,http://en.wikipedia.org/wiki/Hurricane_Beulah,6,,921,,,,17,surge,,,,https://surge.climate.lsu.edu/historical_maps.html#gulf,TX,,,,,,,
1966,,,,,,,,,,,,,,,,,,,,,,,,,
1966,Inez,yes,yes,Sep/Oct,http://en.wikipedia.org/wiki/Hurricane_Inez,0,,,,,,,,,,,,,,,,,,,
1966,Faith,,yes,Aug/Sep,http://en.wikipedia.org/wiki/Hurricane_Faith,,,,,,,,,,,,,,,,,,,,
1965,,,,,,0,,,,,,,,,,,,,,,,,,,
1965,Betsy,yes,yes,,http://en.wikipedia.org/wiki/Hurricane_Betsy,,,,,,,,,Rexfile,,,,,,,,,,,
1964,,,,,,0,,,,,,,,,,,,,,,,,,,
1964,Hilda,Yes,,Sep 28-Oct 5,https://en.wikipedia.org/wiki/Hurricane_Hilda,,,,,,,,,,,,,,,,,,,,
1964,Dora,Yes,,Aug 28-Sep 15,https://en.wikipedia.org/wiki/Hurricane_Dora_(1964),,,,,,,,,,,,,,,,,,,,
1964,Cleo,yes,yes,Aug 21 - Sep 5,https://en.wikipedia.org/wiki/Hurricane_Cleo,,,,,,,,,,,,,,,,,,,,
1963,,,,,,0,,,,,,,,,,,,,,,,,,,
1963,Flora,yes,yes,Oct,http://en.wikipedia.org/wiki/Hurricane_Flora,,,,,,,,,,,,,,,,,,,,
1962,,,,,,0,,,,,,,,,,,,,,,,,,,
1961,,,,,,0,,,,,,,,,,,,,,,,,,,
1961,Hattie,yes,yes,October,http://en.wikipedia.org/wiki/Hurricane_Hattie,,,914,,,,,,,,,,,,,,,,,
1961,Esther,,,September,,,,919,,,,,,,,,,,,,,,,,
1961,Carla,yes,yes,Sep,http://en.wikipedia.org/wiki/Hurricane_Carla,6,,,,,,17,surge,Rexfile,,,https://surge.climate.lsu.edu/historical_maps.html#gulf,"TX, LA",,,,,,,
1960,,,,,,0,,,,,,,,,,,,,,,,,,,
1960,Donna,yes,yes,Sep,http://en.wikipedia.org/wiki/Hurricane_Donna,,,,,,,,,Rexfile,,,,,,,,,,,
1959,,,,,,0,,,,,,,,,,,,,,,,,,,
1959,Judith,,,,,1,,,,,,3,surge,,,,https://www.intechopen.com/chapters/15338,FL,,,,,,,
1959,Gracie,,,,,,,,,,,,,Rexfile,,,,,,,,,,,
1959,Beulah,,,,,1,,,,,2,3,surge,,,,https://www.intechopen.com/chapters/15338,TX,,,,,,,
1958,,,,,,0,,,,,,,,,,,,,,,,,,,
1958,Ella,,,,,2,,,,,2,4,tide,,,,https://www.intechopen.com/chapters/15338,"TX, LA, {FL Keys}",,,,,,,
1957,,,,,,0,,,,,,,,,,,,,,,,,,,
1957,Esther,,,Sep 16-19,https://en.wikipedia.org/wiki/1957_Atlantic_hurricane_season,,,,,,,5,,,,,https://www.intechopen.com/chapters/15338,MS,,,,,,,
1957,Carrie,,yes,Sep 2-28,https://en.wikipedia.org/wiki/Hurricane_Carrie,,,,,,,,,,,,,,,,,,,,
1957,Audrey,yes,yes,Jun,http://en.wikipedia.org/wiki/Hurricane_Audrey,,,,,,,,,Rexfile,,,,,,,,,,,
1956,,,,,,0,,,,,,,,,,,,,,,,,,,
1956,Flossy,,,,,2,,,,,5,6,tide,,,,https://www.intechopen.com/chapters/15338,FL,,,,,,,
1955,,,,,,0,,,,,,,,,,,,,,,,,,,
1955,Janet,yes,yes,Sep/Oct,http://en.wikipedia.org/wiki/Hurricane_Janet,,,914,,,,,,,,,,,,,,,,,
1955,Hilda,,,Sep,Sep 10-20,,,,,,,,,,,,,,,,,,,,
1955,Ione,Yes,,Sep 10-21,https://en.wikipedia.org/wiki/Hurricane_Ione,,,,,,,,,,,,,,,,,,,,
1955,Diane,yes,yes,Aug,http://en.wikipedia.org/wiki/Hurricane_Diane,,,,,,,,,,,,,,,,,,,,
1955,Connie,yes,,,,,,,,,,,,,,,,,,,,,,,
1954,,,,,,0,,,,,,,,,,,,,,,,,,,
1954,Allice_2,,yes,Dec,http://en.wikipedia.org/wiki/Hurricane_Alice_(December_1954),,,,,,,,,,,,,,,,,,,,
1954,Hazel,yes,yes,Oct 15,http://en.wikipedia.org/wiki/Hurricane_Hazel,6,,,,, ,17,tide,Rexfile,,,https://surge.climate.lsu.edu/historical_maps.html#atlantic,NC,https://tidesandcurrents.noaa.gov/inundationdb/inundation.html?id=8658120#top10event,,,"3.37 feet above MHHW at Wilmington, NC",,,
1954,Edna,Yes,,Sep 2-15,https://en.wikipedia.org/wiki/Hurricane_Edna,,,,,,,,,,,,,,,,,,,,
1954,Carol,yes,yes,Aug,http://en.wikipedia.org/wiki/Hurricane_Carol,5,,,,,12,16,surge,Rexfile,,,https://surge.climate.lsu.edu/historical_maps.html#atlantic,"MA, RH, CT",,,,,,,
1953,,,,,,0,,,,,,,,,,,,,,,,,,,
1953,Florence,,,,,2,,,,,,5,surge,,,,https://www.intechopen.com/chapters/15338,FL,,,,,,,
1952,,,,,,0,,,,,,,,,,,,,,,,,,,
1952,GroundhogDay,,yes,Feb,http://en.wikipedia.org/wiki/1952_Groundhog_Day_tropical_storm,,,,,,,,,,,,,,,,,,,,
1951,,,,,,0,,,,,,,,,,,,,,,,,,,
1951,Charlie,,yes,Aug 12-23,https://en.wikipedia.org/wiki/Hurricane_Charlie_(1951),,,,,,,,,,,,,,,,,,,,
1951,Able,,yes,May,http://en.wikipedia.org/wiki/Hurricane_Able_(1951),,,,,,,,,,,,,,,,,,,,
1950,,,,,,0,,,,,,,,,,,,,,,,,,,
1950,King,,yes,Oct 13-20,https://en.wikipedia.org/wiki/Hurricane_King,,,,,,,,,,,,,,,,,,,,
1950,Dog,,yes,Sep,http://en.wikipedia.org/wiki/Hurricane_Dog_(1950),,,,,,,,,,,,,,,,,,,,
1950,Baker,,,,,2,,,,,,5.5,surge,,,,https://www.intechopen.com/chapters/15338,{FL Panhandle},,,,,,,
1949,,,,,,0,,,,,,,,,,,,,,,,,,,
1949,Delray_Beach,,,Aug 23-31,https://en.wikipedia.org/wiki/1949_Florida_hurricane,,Cat4,954,2,$0.05,,,,Rexfile,,,,"{FL oke}, {Leeward Is}, PR, DOM, HTI, TCA, CUB, BHS, {East Coast}, CAN",,,,,,,
1948,,,,,,0,,,,,,,,,,,,,,,,,,,
1947,,,,,,0,,,,,,,,,,,,,,,,,,,
1947,Fort_Lauderdale_Hurr,,yes,Sep 4-21,http://en.wikipedia.org/wiki/1947_Fort_Lauderdale_hurricane,,Cat4,938,51,$0.08,,,,Rexfile,,,,"BHS, FL, LA, MS",,,,,,,
1946,,,,,,0,,,,,,,,,,,,,,,,,,,
1945,,,,,,0,,,,,,,,,,,,,,,,,,,
1945,Unnamed,,,,,5,,,,,12,16,surge,,,,https://surge.climate.lsu.edu/historical_maps.html#atlantic,FL,,,,,,,
1944,,,,,,0,,,,,,,,,,,,,,,,,,,
1944,Cuba_FL_Hurr,,yes,Oct,http://en.wikipedia.org/wiki/1944_Cuba%E2%80%93Florida_hurricane,,,,,,,,,,,,,,,,,,,,
1944,Great_Atlantic,,yes,Sep 9-16,http://en.wikipedia.org/wiki/Great_Atlantic_Hurricane_of_1944,,Cat5,918,400,$0.10,,,,Rexfile,,,,"{New England}, {US East}, CAN",,,,,,,
1943,,,,,,0,,,,,,,,,,,,,,,,,,,
1942,,,,,,0,,,,,,,,,,,,,,,,,,,
1941,,,,,,0,,,,,,,,,,,,,,,,,,,
1941,Unnamed,,,,,2,,,,,,4.1,tide,,,,https://www.intechopen.com/chapters/15338,FL,,,,,,,
1940,,,,,,0,,,,,,,,,,,,,,,,,,,
1939,,,,,,0,,,,,,,,,,,,,,,,,,,
1938,,,,,,0,,,,,,,,,,,,,,,,,,,
1938,Great_New_England,,yes,Sep,http://en.wikipedia.org/wiki/1938_New_England_hurricane,6,,,,,,17,surge,Rexfile,,,https://surge.climate.lsu.edu/historical_maps.html#atlantic,MA,,,,,,,
1937,,,,,,0,,,,,,,,,,,,,,,,,,,
1936,,,,,,0,,,,,,,,,,,,,,,,,,,
1936,Unnamed,,,,,2,,,,,,5.5,surge,,,,https://www.intechopen.com/chapters/15338,FL,,,,,,,
1935,,,,,,0,,,,,,,,,,,,,,,,,,,
1935,Caribbean_Hur,,yes,Oct,http://en.wikipedia.org/wiki/1935_Caribbean_hurricane#Hurricane_Five,,,,,,,,,,,,,,,,,,,,
1935,Labor_Day,,yes,Sep 6-10,http://en.wikipedia.org/wiki/1935_Labor_Day_hurricane,6,Cat5,892,423,$0.10,,17,surge,Rexfile,,,https://surge.climate.lsu.edu/historical_maps.html#gulf,"BHS, {S.W. FL}, {BigBend FL}, GA, NC, SC, VA, MD, DE, NJ, NY",,,,,,,
1934,,,,,,0,,,,,,,,,,,,,,,,,,,
1934,Great_CentAm,,yes,Jun,http://en.wikipedia.org/wiki/1934_Central_America_hurricane,,,,,,,,,,,,,,,,,,,,
1933,,,,,,0,,,,,,,,,,,,,,,,,,,
1933,Tampico_Hurr,,yes,Sep 16-25,https://en.wikipedia.org/wiki/1933_Tampico_hurricane,,,,,,,,,,,,,,,,,,,,
1933,Cuba_Brownsville_Hurr,,yes,Aug 22 - Sep 5,https://en.wikipedia.org/wiki/1933_Cuba%E2%80%93Brownsville_hurricane,,,,,,,,,,,,,,,,,,,,
1933,Ches-Potomac_Hurr,,,Aug 13-25,https://en.wikipedia.org/wiki/1933_Chesapeake%E2%80%93Potomac_hurricane,4,Cat4,940,47,$0.04,,10,surge,Rexfile,,,,"NC, VA, DC, MD, DE, CAN",,,,,,,
1932,,,,,,0,,,,,,,,,,,,,,,,,,,
1932,Great_Cuban,,yes,Nov,http://en.wikipedia.org/wiki/1932_Cuba_hurricane,,,,,,,,,,,,,,,,,,,,
1932,Camaguey,,,November,,,,915,,,,,,,,,,,,,,,,,
1932,Great_Abaco,,,September,,,,921,,,,,,,,,,,,,,,,,
1932,San_Ciprian,,yes,Sep 25 - Oct 3,https://en.wikipedia.org/wiki/1932_San_Cipri%C3%A1n_hurricane,,,,,,,,,,,,,,,,,,,,
1931,,,,,,0,,,,,,,,,,,,,,,,,,,
1931,NationalDay_Hurr,,yes,Sep,http://en.wikipedia.org/wiki/1931_Belize_hurricane,,,,,,,,,,,,,,,,,,,,
1930,,,,,,0,,,,,,,,,,,,,,,,,,,
1930,Santo_Domingo_Hurr,,yes,Sep,http://en.wikipedia.org/wiki/1930_Dominican_Republic_hurricane,,,,,,,,,,,,,,,,,,,,
1929,,,,,,0,,,,,,,,,,,,,,,,,,,
1928,,,,,,,,,,,,,,,,,,,,,,,,,
1928,Lake_Okee (aka San Felipe Segundo),,yes,Sep 6-21,http://en.wikipedia.org/wiki/1928_Okeechobee_hurricane,3,Cat5,926,4114,$0.10,,9,surge,Rexfile (1928sju),,,,"VI, PR, {FL Oke}, {W. Africa}, {Portuguese}, CPV, {Guadeloupe}, BHS",,,,,,,
1927,,,,,,,,,,,,,,,,,,,,,,,,,
1926,,,,,,,,,,,,,,,,,,,,,,,,,
1926,LaHabana_Hurr,,yes,Oct,http://en.wikipedia.org/wiki/1926_Atlantic_hurricane_season#Hurricane_Ten,,,,,,,,,,,,,,,,,,,,
1926,Great_Miami,,yes,Sep 11-22,http://en.wikipedia.org/wiki/1926_Miami_hurricane,2,Cat4,930,539,$0.10,,4.2,tide,"Rexfile (1926Key, 1926mia)",,,https://www.intechopen.com/chapters/15338,{FL Panhandle},,,,,,,
1926,Great_Nassau,,yes,Jul 22 - Aug 2,https://en.wikipedia.org/wiki/1926_Nassau_hurricane,,Cat4,955,598,$0.0191,,,,,,,,,,,,,,,
1925,,,,,,0,,,,,,,,,,,,,,,,,,,
1924,,,,,,0,,,,,,,,,,,,,,,,,,,
1924,Cuba,,,Oct,,,,910,,,,,,,,,,,,,,,,,
1923,,,,,,0,,,,,,,,,,,,,,,,,,,
1922,,,,,,0,,,,,,,,,,,,,,,,,,,
1921,,,,,,0,,,,,,,,,,,,,,,,,,,
1921,Tampa_Bay_Hurr,,yes,Oct 20-30,https://en.wikipedia.org/wiki/1921_Tampa_Bay_hurricane,,,,,,,,,Rexfile,,,,,,,,,,,
1920,,,,,,0,,,,,,,,,,,,,,,,,,,
1919,,,,,,0,,,,,,,,,,,,,,,,,,,
1919,Atl_Gulf,,yes,Sep,http://en.wikipedia.org/wiki/1919_Florida_Keys_hurricane,,,,,,,,,,,,,,,,,,,,
1918,,,,,,0,,,,,,,,,,,,,,,,,,,
1917,,,,,,0,,,,,,,,,,,,,,,,,,,
1916,,,,,,0,,,,,,,,,,,,,,,,,,,
1915,,,,,,0,,,,,,,,,,,,,,,,,,,
1915,New_Orleans,,yes,Sep,http://en.wikipedia.org/wiki/1915_New_Orleans_hurricane,6,,,,,,17,tide,Rexfile,,,https://surge.climate.lsu.edu/historical_maps.html#gulf,"LA, MS",,,,,,,
1915,Galveston,,yes,Aug,http://en.wikipedia.org/wiki/1915_Galveston_hurricane,,,,,,,,,Rexfile,,,,,,,,,,,
1914,,,,,,0,,,,,,,,,,,,,,,,,,,
1913,,,,,,0,,,,,,,,,,,,,,,,,,,
1912,,,,,,0,,,,,,,,,,,,,,,,,,,
1911,,,,,,0,,,,,,,,,,,,,,,,,,,
1910,,,,,,,,,,,,,,,,,,,,,,,,,
1910,Cyclone_ofThe_5Days,,yes,Oct 9-23,http://en.wikipedia.org/wiki/1910_Cuba_hurricane,0,,,,,,,,,,,,,,,,,,,
1909,,,,,,0,,,,,,,,,,,,,,,,,,,
1909,Grand_Isle_Hurr,,yes,Sep,http://en.wikipedia.org/wiki/1909_Grand_Isle_hurricane,,,,,,,,,Rexfile,,,,,,,,,,,
1909,Great_Mex_Hur,,yes,Aug,http://en.wikipedia.org/wiki/1909_Monterrey_hurricane,,,,,,,,,,,,,,,,,,,,
1908,,,,,,0,,,,,,,,,,,,,,,,,,,
1908,March_Hurr,,yes,Mar,,,,,,,,,,,,,,,,,,,,,
1907,,,,,,0,,,,,,,,,,,,,,,,,,,
1906,,,,,,0,,,,,,,,,,,,,,,,,,,
1906,FL_Keys_Hurr,,yes,Oct,http://en.wikipedia.org/wiki/1906_Florida_Keys_hurricane,,,,,,,,,,,,,,,,,,,,
1905,,,,,,0,,,,,,,,,,,,,,,,,,,
1904,,,,,,0,,,,,,,,,,,,,,,,,,,
1903,,,,,,0,,,,,,,,,,,,,,,,,,,
1902,,,,,,0,,,,,,,,,,,,,,,,,,,
1901,,,,,,0,,,,,,,,,,,,,,,,,,,
1900,,,,,,0,,,,,,,,,,,,,,,,,,,
1900,Galveston,,yes,Sep,http://en.wikipedia.org/wiki/1900_Galveston_hurricane,6,,,,,,17,,Rexfile,,,https://surge.climate.lsu.edu/historical_maps.html#gulf,TX,,,,,,,
1899,San_Ciriaco_Hurr,,yes,Aug,http://en.wikipedia.org/wiki/1899_San_Ciriaco_hurricane,,,,,,,,,,,,,,,,,,,,
1898,Georgia_Hurr,,yes,Sep 25 - Oct 6,https://en.wikipedia.org/wiki/1898_Georgia_hurricane,,,,,,,,,,,,,,,,,,,,
1898,Windward_Is_Hurr,,yes,Sep 5-20,https://en.wikipedia.org/wiki/1898_Windward_Islands_hurricane,,,,,,,,,,,,,,,,,,,,
1898,Unnammed,,,,,6,,,,,,17,,,,,https://surge.climate.lsu.edu/historical_maps.html#atlantic,GA,,,,,,,
1893,Chenier_Caminada_Hur,,yes,Oct,http://en.wikipedia.org/wiki/1893_Cheniere_Caminada_hurricane,,,,,,,,,,,,,,,,,,,,
1893,Great_Charleston_Hurr,,yes,Sep 25 - Oct 4,https://en.wikipedia.org/wiki/1893_Atlantic_hurricane_season#Hurricane_Nine,,,,,,,,,,,,,,,,,,,,
1893,NY_Hurr,,yes,Aug,http://en.wikipedia.org/wiki/1893_New_York_hurricane,,,,,,,,,,,,,,,,,,,,
1893,Sea_Islands_Hur,,yes,Aug 15-30,https://en.wikipedia.org/wiki/1893_Sea_Islands_hurricane,5,Cat3,954,2000,$0.00,,15,surge,Rexfile,,,,"GA, SC",,,,,,,
1891,San_Magin_Hurr,,yes,Aug 18-25,https://en.wikipedia.org/wiki/1891_Martinique_hurricane,,,,,,,,,,,,,,,,,,,,
1888,StraitsOf_FL_Hurr,,yes,Sep,http://en.wikipedia.org/wiki/1888_Atlantic_hurricane_season#Hurricane_Four,,,,,,,,,,,,,,,,,,,,
1886,Indianola_Hurr,,yes,Aug,http://en.wikipedia.org/wiki/1886_Indianola_hurricane,,,,,,,,,,,,,{TX - Indianola},,,,,,,
1883,Hispaniola-Carolina,,yes,Sep 4-13,https://en.wikipedia.org/wiki/1883_Atlantic_hurricane_season#Hurricane_Three,,Cat3,955,53,,,,,,,,,"SC, NC, MTQ, DOM, HTI, ",,,,,,,
1881,Savanah_Caroline_Hurr,,yes,Aug 21-29,http://en.wikipedia.org/wiki/1881_Atlantic_hurricane_season#Hurricane_Five,,Cat2,970,700,,,,,,,,,"GA, SC",,,,,,,
1879,Great_Beaufort_Hurr,,,Aug 13-20,https://en.wikipedia.org/wiki/1879_Atlantic_hurricane_season#Hurricane_Two,,,971,46,,,,,,,,,"{NC - Morehead}, {LS-ANT}, DOM, TCA",,,,,,,
1878,Gale_of_1878,,,Oct 18-23,https://en.wikipedia.org/wiki/Gale_of_1878,,Cat2,963,71,$0.00,,,,,,,,"CUB, BHS, NC, VA, DE, DC, MD, NY, PA, {New England}",,,,,,,
1875,Great_Indianola_Hurr,,yes,Sep 8-18,http://en.wikipedia.org/wiki/1875_Atlantic_hurricane_season#Hurricane_Three,,Cat3,955,270,,,,,,,,,{TX - Indianola},,,,,,,
1873,Nova_Scotia_Hurr,,yes,Aug 13-27,https://en.wikipedia.org/wiki/1873_Atlantic_hurricane_season#Hurricane_Two,,,,,,,,,,,,,,,,,,,,
1871,Santa Juana,,,Aug 17-30,https://en.wikipedia.org/wiki/1871_Atlantic_hurricane_season#Hurricane_Four,,Cat3,962,27,,,,,,,,,"PR, VI",,,,,,,
1870,San_Marcos_Hurr,,yes,Oct,http://en.wikipedia.org/wiki/1870_Atlantic_hurricane_season#Hurricane_Six,,,,,,,,,,,,,,,,,,,,
1869,Saxbys_Gale,,yes,Oct 4-5,http://en.wikipedia.org/wiki/1869_Saxby_Gale,,Cat2,965,37+,,,,,,,,,"MA, NH, ME, CAN",,,,,,,
1867,San_Narciso_Hurr,,yes,Oct 27-31,http://en.wikipedia.org/wiki/1867_San_Narciso_Hurricane,,Cat3,952,811,$0.00,,,,,,,,"PR, VI, DOM, HTI",,,,,,,
1866,Bahamas_Hurr,,yes,,https://en.wikipedia.org/wiki/1866_Atlantic_hurricane_season#Hurricane_Six,,,,,,,,,,,,,,,,,,,,
1860,Hurricane_six,,,Sep 30 - Oct 3,https://en.wikipedia.org/wiki/1860_Atlantic_hurricane_season#Hurricane_Six,2,Cat2,,13,,,5,surge,,,,,LA,,,,,,,
1860,Hurricane_four,,,Sep 11-16,https://en.wikipedia.org/wiki/1860_Atlantic_hurricane_season#Hurricane_Four,3,Cat2,,11,,,7,surge,,,,,LA,,,,,,,
1860,Hurricane_one,,,Aug 8-16,https://en.wikipedia.org/wiki/1860_Atlantic_hurricane_season#Hurricane_One,4,Cat3,,47+,,,12,surge,,,,,LA,,,,,,,
1856,Last_Island_Hurr,,yes,Aug 11-12,http://en.wikipedia.org/wiki/1856_Last_Island_hurricane,,Cat4,934,300+,,,,,,,,,"LA, MS",,,,,,,
1852,San Lorenzo,,,Sep 5-6,https://en.wikipedia.org/wiki/1852_Atlantic_hurricane_season#Hurricane_Two,,Cat1,,100+,,,,,,,,,"PR, DOM, HTI",,,,,,,
1848,Tampa_Bay_Hurr,,yes,Sep 23-28,https://en.wikipedia.org/wiki/1848_Tampa_Bay_hurricane,,,,,,,,,,,,,,,,,,,,
1846,Great_Havana_Hurr,,yes,Oct,http://en.wikipedia.org/wiki/Great_Havana_Hurricane_of_1846,,,,,,,,,,,,,,,,,,,,
1831,Great_Caribbean_Hurr,,yes,Aug,http://en.wikipedia.org/wiki/Great_Barbados_hurricane,,,,,,,,,,,,,,,,,,,,
1825,Santa_Ana_Hurr,,yes,Jul,http://en.wikipedia.org/wiki/1820-1829_Atlantic_hurricane_seasons#III._Santa_Ana_hurricane,,,,,,,,,,,,,,,,,,,,
1821,Great_Amer_Hurr,,yes,Sep,http://en.wikipedia.org/wiki/1821_Norfolk_and_Long_Island_hurricane,,,,,,,,,,,,,,,,,,,,
1817,Tropical Storm,,,,,,,,,,,,,,,,,{Gulf coast},,,,,,,
1816,Tropical Storm,,,,,,,,,,,,,,,,,,,,,,,,
1815,PVD,,,,,,,,,,,,,Rexfile,,,,,,,,,,,
1813,West_Indian_Hurr,,yes,Aug,http://en.wikipedia.org/wiki/1810-1819_Atlantic_hurricane_seasons#1813_Atlantic_hurricane_season,,,,,,,,,,,,,,,,,,,,
1806,Hurricane_Two,,,,,,,,,,,,,,,,,,,,,,,,
1806,Great_Coastal,,,,,,,,,,,,,,,,,,,,,,,,
1803,Norfolk,,,,,,,,,,,,,,,,,,,,,,,,
1788,George Washington,,,,,,,,,,,,,,,,,,,,,,,,
1786,Storm,,,,,,,,,,,,,,,,,,,,,,,,
1785,Equinoctial Storm,,,,,,,,,,,,,,,,,,,,,,,,
1785,Delaware,,,,,,,,,,,,,,,,,,,,,,,,
1783,Charleston,,,,,,,,,,,,,,,,,,,,,,,,
1780,Great_Hurr,,yes,Oct,http://en.wikipedia.org/wiki/Great_Hurricane_of_1780,,,,,,,,,,,,,,,,,,,,
1780,St_Lucia_Hurr aka San_Antonio,,yes,Jun,https://en.wikipedia.org/wiki/1780_Atlantic_hurricane_season#San_Antonio_Hurricane,,,,,,,,,,,,,,,,,,,,
1776,Poine-a-Pitre,,yes,TBD,https://en.wikipedia.org/wiki/1776_Poine-a-Pitre_Hurricane,,,,,,,,,,,,,,,,,,,,
1775,Newfoundland_Hurr,,yes,Aug/Sep,https://en.wikipedia.org/wiki/1775_Newfoundland_hurricane,,,,,,,,,,,,,,,,,,,,
1635,Boston,,,,,,,,,,,,,Rexfile,,,,,,,,,,,
